           CPU0       CPU1       CPU2       CPU3       CPU4       CPU5       CPU6       CPU7       CPU8       CPU9       CPU10      CPU11      CPU12      CPU13      CPU14      CPU15      CPU16      CPU17      CPU18      CPU19      CPU20      CPU21      CPU22      CPU23      CPU24      CPU25      CPU26      CPU27      CPU28      CPU29      CPU30      CPU31      
  8:          0          0          0          0          0          0          0          0          0          0          0          0          0          0          0          0          0          0          0          0          0          0          0          0          0          0          0          0          0          0          0          0  IR-IO-APIC   8-edge      rtc0
  9:          0          0          0          0          0          0          0          0          0          0          0          0          0          0          0          0          0          0          0          0          0          0          0          0          0          0          0          0          0          0          0          0  IR-IO-APIC   9-fasteoi   acpi
 24:          0          0          0          0          0          0          0          0          0          0          0          0          0          0          0          0          0          0          0          0          0          0          0          0          0          0          0          0          0          0          0          0  DMAR-MSI   7-edge      dmar7
 25:          0          0          0          0          0          0          0          0          0          0          0          0          0          0          0          0          0          0          0          0          0          0          0          0          0          0          0          0          0          0          0          0  DMAR-MSI   6-edge      dmar6
 26:          0          0          0          0          0          0          0          0          0          0          0          0          0          0          0          0          0          0          0          0          0          0          0          0          0          0          0          0          0          0          0          0  DMAR-MSI   5-edge      dmar5
 27:          0          0          0          0          0          0          0          0          0          0          0          0          0          0          0          0          0          0          0          0          0          0          0          0          0          0          0          0          0          0          0          0  DMAR-MSI   4-edge      dmar4
 28:          0          0          0          0          0          0          0          0          0          0          0          0          0          0          0          0          0          0          0          0          0          0          0          0          0          0          0          0          0          0          0          0  DMAR-MSI   3-edge      dmar3
 29:          0          0          0          0          0          0          0          0          0          0          0          0          0          0          0          0          0          0          0          0          0          0          0          0          0          0          0          0          0          0          0          0  DMAR-MSI   2-edge      dmar2
 30:          0          0          0          0          0          0          0          0          0          0          0          0          0          0          0          0          0          0          0          0          0          0          0          0          0          0          0          0          0          0          0          0  DMAR-MSI   1-edge      dmar1
 31:          0          0          0          0          0          0          0          0          0          0          0          0          0          0          0          0          0          0          0          0          0          0          0          0          0          0          0          0          0          0          0          0  DMAR-MSI   0-edge      dmar0
 32:          0          0          0          0          0          0          0          0          0          0          0          0          0          0          0          0          0          0          0          0          0          0          0          0          0          0          0          0          0          0          0          0  DMAR-MSI 1031-edge      dmar7-prq
 33:          0          0          0          0          0          0          0          0          0          0          0          0          0          0          0          0          0          0          0          0          0          0          0          0          0          0          0          0          0          0          0          0  DMAR-MSI 1030-edge      dmar6-prq
 34:          0          0          0          0          0          0          0          0          0          0          0          0          0          0          0          0          0          0          0          0          0          0          0          0          0          0          0          0          0          0          0          0  DMAR-MSI 1029-edge      dmar5-prq
 35:          0          0          0          0          0          0          0          0          0          0          0          0          0          0          0          0          0          0          0          0          0          0          0          0          0          0          0          0          0          0          0          0  DMAR-MSI 1028-edge      dmar4-prq
 36:          0          0          0          0          0          0          0          0          0          0          0          0          0          0          0          0          0          0          0          0          0          0          0          0          0          0          0          0          0          0          0          0  DMAR-MSI 1027-edge      dmar3-prq
 37:          0          0          0          0          0          0          0          0          0          0          0          0          0          0          0          0          0          0          0          0          0          0          0          0          0          0          0          0          0          0          0          0  DMAR-MSI 1026-edge      dmar2-prq
 38:          0          0          0          0          0          0          0          0          0          0          0          0          0          0          0          0          0          0          0          0          0          0          0          0          0          0          0          0          0          0          0          0  DMAR-MSI 1025-edge      dmar1-prq
 39:          0          0          0          0          0          0          0          0          0          0          0          0          0          0          0          0          0          0          0          0          0          0          0          0          0          0          0          0          0          0          0          0  DMAR-MSI 1024-edge      dmar0-prq
 40:          0          0          0          0          0          0          0          0          0          0          0          0          0          0          0          0          0          0          0          0          0          0          0          0          0          0          0          0          0          0          0          0  DMAR-MSI 2055-edge      dmar7-perf
 41:          0          0          0          0          0          0          0          0          0          0          0          0          0          0          0          0          0          0          0          0          0          0          0          0          0          0          0          0          0          0          0          0  DMAR-MSI 2054-edge      dmar6-perf
 42:          0          0          0          0          0          0          0          0          0          0          0          0          0          0          0          0          0          0          0          0          0          0          0          0          0          0          0          0          0          0          0          0  DMAR-MSI 2053-edge      dmar5-perf
 43:          0          0          0          0          0          0          0          0          0          0          0          0          0          0          0          0          0          0          0          0          0          0          0          0          0          0          0          0          0          0          0          0  DMAR-MSI 2052-edge      dmar4-perf
 44:          0          0          0          0          0          0          0          0          0          0          0          0          0          0          0          0          0          0          0          0          0          0          0          0          0          0          0          0          0          0          0          0  DMAR-MSI 2051-edge      dmar3-perf
 45:          0          0          0          0          0          0          0          0          0          0          0          0          0          0          0          0          0          0          0          0          0          0          0          0          0          0          0          0          0          0          0          0  DMAR-MSI 2050-edge      dmar2-perf
 46:          0          0          0          0          0          0          0          0          0          0          0          0          0          0          0          0          0          0          0          0          0          0          0          0          0          0          0          0          0          0          0          0  DMAR-MSI 2049-edge      dmar1-perf
 47:          0          0          0          0          0          0          0          0          0          0          0          0          0          0          0          0          0          0          0          0          0          0          0          0          0          0          0          0          0          0          0          0  DMAR-MSI 2048-edge      dmar0-perf
 48:          0          0          0          0          0          0          0          0          0          0          0          0          0          0          0          0          0          0          0          0          0          0          0          0          0          0          0          0          0          0          0          0  IR-PCI-MSI-0000:00:00.4   0-edge      PCIe PME
 49:          0          0          0          0          0          0          0          0          0          0          0          0          0          0          0          0          0          0          0          0          0          0          0          0          0          0          0          0          0          0          0          0  IR-PCI-MSI-0000:00:04.0   0-edge      PCIe PME
 50:          0          0          0          0          0          0          0          0          0          0          0          0          0          0          0          0          0          0          0          0          0          0          0          0          0          0          0          0          0          0          0          0  IR-PCI-MSI-0000:00:05.0   0-edge      PCIe PME
 51:          0          0          0          0          0          0          0          0          0          0          0          0          0          0          0          0          0          0          0          0          0          0          0          0          0          0          0          0          0          0          0          0  IR-PCI-MSI-0000:00:06.0   0-edge      PCIe PME
 52:          0          0          0          0          0          0          0          0          0          0          0          0          0          0          0          0          0          0          0          0          0          0          0          0          0          0          0          0          0          0          0          0  IR-PCI-MSI-0000:00:07.0   0-edge      PCIe PME
 53:          0          0          0          0          0          0          0          0          0          0          0          0          0          0          0          0          0          0          0          0          0          0          0          0          0          0          0          0          0          0          0          0  IR-PCI-MSI-0001:00:00.4   0-edge      PCIe PME
 54:          0          0          0          0          0          0          0          0          0          0          0          0          0          0          0          0          0          0          0          0          0          0          0          0          0          0          0          0          0          0          0          0  IR-PCI-MSI-0000:10:00.4   0-edge      PCIe PME
 55:          0          0          0          0          0          0          0          0          0          0          0          0          0          0          0          0          0          0          0          0          0          0          0          0          0          0          0          0          0          0          0          0  IR-PCI-MSI-0000:10:02.0   0-edge      PCIe PME
 56:          0          0          0          0          0          0          0          0          0          0          0          0          0          0          0          0          0          0          0          0          0          0          0          0          0          0          0          0          0          0          0          0  IR-PCI-MSI-0000:10:04.0   0-edge      PCIe PME
 57:          0          0          0          0          0          0          0          0          0          0          0          0          0          0          0          0          0          0          0          0          0          0          0          0          0          0          0          0          0          0          0          0  IR-PCI-MSI-0000:10:06.0   0-edge      PCIe PME
 58:          0          0          0          0          0          0          0          0          0          0          0          0          0          0          0          0          0          0          0          0          0          0          0          0          0          0          0          0          0          0          0          0  IR-PCI-MSI-0000:10:08.0   0-edge      PCIe PME
 59:          0          0          0          0          0          0          0          0          0          0          0          0          0          0          0          0          0          0          0          0          0          0          0          0          0          0          0          0          0          0          0          0  IR-PCI-MSI-0000:60:00.4   0-edge      PCIe PME
 60:          0          0          0          0          0          0          0          0          0          0          0          0          0          0          0          0          0          0          0          0          0          0          0          0          0          0          0          0          0          0          0          0  IR-PCI-MSI-0000:60:02.0   0-edge      PCIe PME
 61:          0          0          0          0          0          0          0          0          0          0          0          0          0          0          0          0          0          0          0          0          0          0          0          0          0          0          0          0          0          0          0          0  IR-PCI-MSI-0000:b0:00.4   0-edge      PCIe PME
 62:          0          0          0          0          0          0          0          0          0          0          0          0          0          0          0          0          0          0          0          0          0          0          0          0          0          0          0          0          0          0          0          0  IR-PCI-MSI-0000:b0:02.0   0-edge      PCIe PME
 63:          0          0          0          0          0          0          0          0          0          0          0          0          0          0          0          0          0          0          0          0          0          0          0          0          0          0          0          0          0          0          0          0  IR-PCI-MSI-0001:10:00.4   0-edge      PCIe PME
 64:          0          0          0          0          0          0          0          0          0          0          0          0          0          0          0          0          0          0          0          0          0          0          0          0          0          0          0          0          0          0          0          0  IR-PCI-MSI-0001:60:00.4   0-edge      PCIe PME
 65:          0          0          0          0          0          0          0          0          0          0          0          0          0          0          0          0          0          0          0          0          0          0          0          0          0          0          0          0          0          0          0          0  IR-PCI-MSI-0001:b0:00.4   0-edge      PCIe PME
 66:          0          0          0          0          0          0          0       1280          0          0          0          0          0          0          0          0          0          0          0          0          0          0          0          0          0          0          0          0          0          0          0          0  IR-PCI-MSIX-0000:05:00.0   0-edge      nvme0q0
 67:          0          0          0          0          0          0          0          0       1272          0          0          0          0          0          0          0          0          0          0          0          0          0          0          0          0          0          0          0          0          0          0          0  IR-PCI-MSIX-0000:11:00.0   0-edge      nvme1q0
 68:          0          0          0          0          0          0          0          0          0       1272          0          0          0          0          0          0          0          0          0          0          0          0          0          0          0          0          0          0          0          0          0          0  IR-PCI-MSIX-0000:12:00.0   0-edge      nvme2q0
 69:          0          0          0          0          0          0          0          0          0          0          0       1272          0          0          0          0          0          0          0          0          0          0          0          0          0          0          0          0          0          0          0          0  IR-PCI-MSIX-0000:13:00.0   0-edge      nvme3q0
 70:          0          0          0          0          0          0          0          0          0          0       1272          0          0          0          0          0          0          0          0          0          0          0          0          0          0          0          0          0          0          0          0          0  IR-PCI-MSIX-0000:14:00.0   0-edge      nvme4q0
 71:          0          0          0          0          0          0          0          0          0          0          0          0          0          0          1          0          0          0          0          0          0          0          0          0          0          0          0          0          0          0          0          0  IR-PCI-MSIX-0000:04:00.0   0-edge      ens12
 72:          0          0          0          0          0          0          0          0          0          0          0          0          0          0          0     378325          0          0          0          0          0          0          0          0          0          0          0          0          0          0          0          0  IR-PCI-MSIX-0000:04:00.0   1-edge      ens12-TxRx-0
 73:          0          0          0          0          0          0          0          0          0          0          0          0          0          0          0          0     522394          0          0          0          0          0          0          0          0          0          0          0          0          0          0          0  IR-PCI-MSIX-0000:04:00.0   2-edge      ens12-TxRx-1
 74:          0          0          0          0          0          0          0          0          0          0          0          0          0          0          0          0          0    1583566          0          0          0          0          0          0          0          0          0          0          0          0          0          0  IR-PCI-MSIX-0000:04:00.0   3-edge      ens12-TxRx-2
 75:          0          0          0          0          0          0          0          0          0          0          0          0          0          0          0          0          0          0     596389          0          0          0          0          0          0          0          0          0          0          0          0          0  IR-PCI-MSIX-0000:04:00.0   4-edge      ens12-TxRx-3
 76:          0          0          0          0          0          0        159          0          0          0          0          0          0          0          0          0          0          0          0          0          0          0          0          0          0          0          0          0          0          0          0          0  IR-PCI-MSIX-0000:03:00.0   0-edge      xhci_hcd
 84:         79          0          0          0          0          0          0          0          0          0          0          0          0          0          0          0          0          0          0          0          0          0          0          0          0          0          0          0          0          0          0          0  IR-PCI-MSIX-0000:05:00.0   1-edge      nvme0q1
 85:          0        938          0          0          0          0          0          0          0          0          0          0          0          0          0          0          0          0          0          0          0          0          0          0          0          0          0          0          0          0          0          0  IR-PCI-MSIX-0000:05:00.0   2-edge      nvme0q2
 86:          0          0         89          0          0          0          0          0          0          0          0          0          0          0          0          0          0          0          0          0          0          0          0          0          0          0          0          0          0          0          0          0  IR-PCI-MSIX-0000:05:00.0   3-edge      nvme0q3
 87:          0          0          0         49          0          0          0          0          0          0          0          0          0          0          0          0          0          0          0          0          0          0          0          0          0          0          0          0          0          0          0          0  IR-PCI-MSIX-0000:05:00.0   4-edge      nvme0q4
 88:          0          0          0          0         99          0          0          0          0          0          0          0          0          0          0          0          0          0          0          0          0          0          0          0          0          0          0          0          0          0          0          0  IR-PCI-MSIX-0000:05:00.0   5-edge      nvme0q5
 89:          0          0          0          0          0         32          0          0          0          0          0          0          0          0          0          0          0          0          0          0          0          0          0          0          0          0          0          0          0          0          0          0  IR-PCI-MSIX-0000:05:00.0   6-edge      nvme0q6
 90:          0          0          0          0          0          0         61          0          0          0          0          0          0          0          0          0          0          0          0          0          0          0          0          0          0          0          0          0          0          0          0          0  IR-PCI-MSIX-0000:05:00.0   7-edge      nvme0q7
 91:          0          0          0          0          0          0          0        195          0          0          0          0          0          0          0          0          0          0          0          0          0          0          0          0          0          0          0          0          0          0          0          0  IR-PCI-MSIX-0000:05:00.0   8-edge      nvme0q8
 92:          0          0          0          0          0          0          0          0          9          0          0          0          0          0          0          0          0          0          0          0          0          0          0          0          0          0          0          0          0          0          0          0  IR-PCI-MSIX-0000:05:00.0   9-edge      nvme0q9
 93:          0          0          0          0          0          0          0          0          0         45          0          0          0          0          0          0          0          0          0          0          0          0          0          0          0          0          0          0          0          0          0          0  IR-PCI-MSIX-0000:05:00.0  10-edge      nvme0q10
 94:          0          0          0          0          0          0          0          0          0          0         51          0          0          0          0          0          0          0          0          0          0          0          0          0          0          0          0          0          0          0          0          0  IR-PCI-MSIX-0000:05:00.0  11-edge      nvme0q11
 95:          0          0          0          0          0          0          0          0          0          0          0       1135          0          0          0          0          0          0          0          0          0          0          0          0          0          0          0          0          0          0          0          0  IR-PCI-MSIX-0000:05:00.0  12-edge      nvme0q12
 96:          0          0          0          0          0          0          0          0          0          0          0          0         83          0          0          0          0          0          0          0          0          0          0          0          0          0          0          0          0          0          0          0  IR-PCI-MSIX-0000:05:00.0  13-edge      nvme0q13
 97:          0          0          0          0          0          0          0          0          0          0          0          0          0         63          0          0          0          0          0          0          0          0          0          0          0          0          0          0          0          0          0          0  IR-PCI-MSIX-0000:05:00.0  14-edge      nvme0q14
 98:          0          0          0          0          0          0          0          0          0          0          0          0          0          0        295          0          0          0          0          0          0          0          0          0          0          0          0          0          0          0          0          0  IR-PCI-MSIX-0000:05:00.0  15-edge      nvme0q15
 99:          0          0          0          0          0          0          0          0          0          0          0          0          0          0          0        153          0          0          0          0          0          0          0          0          0          0          0          0          0          0          0          0  IR-PCI-MSIX-0000:05:00.0  16-edge      nvme0q16
100:          0          0          0          0          0          0          0          0          0          0          0          0          0          0          0          0        110          0          0          0          0          0          0          0          0          0          0          0          0          0          0          0  IR-PCI-MSIX-0000:05:00.0  17-edge      nvme0q17
101:          0          0          0          0          0          0          0          0          0          0          0          0          0          0          0          0          0        155          0          0          0          0          0          0          0          0          0          0          0          0          0          0  IR-PCI-MSIX-0000:05:00.0  18-edge      nvme0q18
102:          0          0          0          0          0          0          0          0          0          0          0          0          0          0          0          0          0          0        107          0          0          0          0          0          0          0          0          0          0          0          0          0  IR-PCI-MSIX-0000:05:00.0  19-edge      nvme0q19
103:          0          0          0          0          0          0          0          0          0          0          0          0          0          0          0          0          0          0          0       1038          0          0          0          0          0          0          0          0          0          0          0          0  IR-PCI-MSIX-0000:05:00.0  20-edge      nvme0q20
104:          0          0          0          0          0          0          0          0          0          0          0          0          0          0          0          0          0          0          0          0       1007          0          0          0          0          0          0          0          0          0          0          0  IR-PCI-MSIX-0000:05:00.0  21-edge      nvme0q21
105:          0          0          0          0          0          0          0          0          0          0          0          0          0          0          0          0          0          0          0          0          0         56          0          0          0          0          0          0          0          0          0          0  IR-PCI-MSIX-0000:05:00.0  22-edge      nvme0q22
106:          0          0          0          0          0          0          0          0          0          0          0          0          0          0          0          0          0          0          0          0          0          0        114          0          0          0          0          0          0          0          0          0  IR-PCI-MSIX-0000:05:00.0  23-edge      nvme0q23
107:          0          0          0          0          0          0          0          0          0          0          0          0          0          0          0          0          0          0          0          0          0          0          0         40          0          0          0          0          0          0          0          0  IR-PCI-MSIX-0000:05:00.0  24-edge      nvme0q24
108:          0          0          0          0          0          0          0          0          0          0          0          0          0          0          0          0          0          0          0          0          0          0          0          0        138          0          0          0          0          0          0          0  IR-PCI-MSIX-0000:05:00.0  25-edge      nvme0q25
109:          0          0          0          0          0          0          0          0          0          0          0          0          0          0          0          0          0          0          0          0          0          0          0          0          0         33          0          0          0          0          0          0  IR-PCI-MSIX-0000:05:00.0  26-edge      nvme0q26
110:          0          0          0          0          0          0          0          0          0          0          0          0          0          0          0          0          0          0          0          0          0          0          0          0          0          0         45          0          0          0          0          0  IR-PCI-MSIX-0000:05:00.0  27-edge      nvme0q27
111:          0          0          0          0          0          0          0          0          0          0          0          0          0          0          0          0          0          0          0          0          0          0          0          0          0          0          0         30          0          0          0          0  IR-PCI-MSIX-0000:05:00.0  28-edge      nvme0q28
112:          0          0          0          0          0          0          0          0          0          0          0          0          0          0          0          0          0          0          0          0          0          0          0          0          0          0          0          0        849          0          0          0  IR-PCI-MSIX-0000:05:00.0  29-edge      nvme0q29
113:          0          0          0          0          0          0          0          0          0          0          0          0          0          0          0          0          0          0          0          0          0          0          0          0          0          0          0          0          0        105          0          0  IR-PCI-MSIX-0000:05:00.0  30-edge      nvme0q30
114:          0          0          0          0          0          0          0          0          0          0          0          0          0          0          0          0          0          0          0          0          0          0          0          0          0          0          0          0          0          0         33          0  IR-PCI-MSIX-0000:05:00.0  31-edge      nvme0q31
115:          0          0          0          0          0          0          0          0          0          0          0          0          0          0          0          0          0          0          0          0          0          0          0          0          0          0          0          0          0          0          0         64  IR-PCI-MSIX-0000:05:00.0  32-edge      nvme0q32
116:          0          0          0          0          0          0          0          0          0          0          0          0          0          0          0          0          0          0          0          0          0          0          0          0          0          0          0          0          0          0          0          0  IR-PCI-MSIX-0000:12:00.0   1-edge      nvme2q1
117:          0          0          0          0          0          0          0          0          0          0          0          0          0          0          0          0          0          0          0          0          0          0          0          0          0          0          0          0          0          0          0          0  IR-PCI-MSIX-0000:12:00.0   2-edge      nvme2q2
118:          0          0          0          0          0          0          0          0          0          0          0          0          0          0          0          0          0          0          0          0          0          0          0          0          0          0          0          0          0          0          0          0  IR-PCI-MSIX-0000:12:00.0   3-edge      nvme2q3
119:          0          0          0         43          0          0          0          0          0          0          0          0          0          0          0          0          0          0          0          0          0          0          0          0          0          0          0          0          0          0          0          0  IR-PCI-MSIX-0000:12:00.0   4-edge      nvme2q4
120:          0          0          0          0          0          0          0          0          0          0          0          0          0          0          0          0          0          0          0          0          0          0          0          0          0          0          0          0          0          0          0          0  IR-PCI-MSIX-0000:12:00.0   5-edge      nvme2q5
121:          0          0          0          0          0          0          0          0          0          0          0          0          0          0          0          0          0          0          0          0          0          0          0          0          0          0          0          0          0          0          0          0  IR-PCI-MSIX-0000:12:00.0   6-edge      nvme2q6
122:          0          0          0          0          0          0          8          0          0          0          0          0          0          0          0          0          0          0          0          0          0          0          0          0          0          0          0          0          0          0          0          0  IR-PCI-MSIX-0000:12:00.0   7-edge      nvme2q7
123:          0          0          0          0          0          0          0          0          0          0          0          0          0          0          0          0          0          0          0          0          0          0          0          0          0          0          0          0          0          0          0          0  IR-PCI-MSIX-0000:12:00.0   8-edge      nvme2q8
124:          0          0          0          0          0          0          0          0          1          0          0          0          0          0          0          0          0          0          0          0          0          0          0          0          0          0          0          0          0          0          0          0  IR-PCI-MSIX-0000:12:00.0   9-edge      nvme2q9
125:          0          0          0          0          0          0          0          0          0          0          0          0          0          0          0          0          0          0          0          0          0          0          0          0          0          0          0          0          0          0          0          0  IR-PCI-MSIX-0000:12:00.0  10-edge      nvme2q10
126:          0          0          0          0          0          0          0          0          0          0          0          0          0          0          0          0          0          0          0          0          0          0          0          0          0          0          0          0          0          0          0          0  IR-PCI-MSIX-0000:12:00.0  11-edge      nvme2q11
127:          0          0          0          0          0          0          0          0          0          0          0          0          0          0          0          0          0          0          0          0          0          0          0          0          0          0          0          0          0          0          0          0  IR-PCI-MSIX-0000:12:00.0  12-edge      nvme2q12
128:          0          0          0          0          0          0          0          0          0          0          0          0          0          0          0          0          0          0          0          0          0          0          0          0          0          0          0          0          0          0          0          0  IR-PCI-MSIX-0000:12:00.0  13-edge      nvme2q13
129:          0          0          0          0          0          0          0          0          0          0          0          0          0         47          0          0          0          0          0          0          0          0          0          0          0          0          0          0          0          0          0          0  IR-PCI-MSIX-0000:12:00.0  14-edge      nvme2q14
130:          0          0          0          0          0          0          0          0          0          0          0          0          0          0          0          0          0          0          0          0          0          0          0          0          0          0          0          0          0          0          0          0  IR-PCI-MSIX-0000:12:00.0  15-edge      nvme2q15
131:          0          0          0          0          0          0          0          0          0          0          0          0          0          0          0          0          0          0          0          0          0          0          0          0          0          0          0          0          0          0          0          0  IR-PCI-MSIX-0000:12:00.0  16-edge      nvme2q16
132:          0          0          0          0          0          0          0          0          0          0          0          0          0          0          0          0          0          0          0          0          0          0          0          0          0          0          0          0          0          0          0          0  IR-PCI-MSIX-0000:12:00.0  17-edge      nvme2q17
133:          0          0          0          0          0          0          0          0          0          0          0          0          0          0          0          0          0         47          0          0          0          0          0          0          0          0          0          0          0          0          0          0  IR-PCI-MSIX-0000:12:00.0  18-edge      nvme2q18
134:          0          0          0          0          0          0          0          0          0          0          0          0          0          0          0          0          0          0          3          0          0          0          0          0          0          0          0          0          0          0          0          0  IR-PCI-MSIX-0000:12:00.0  19-edge      nvme2q19
135:          0          0          0          0          0          0          0          0          0          0          0          0          0          0          0          0          0          0          0         45          0          0          0          0          0          0          0          0          0          0          0          0  IR-PCI-MSIX-0000:12:00.0  20-edge      nvme2q20
136:          0          0          0          0          0          0          0          0          0          0          0          0          0          0          0          0          0          0          0          0          0          0          0          0          0          0          0          0          0          0          0          0  IR-PCI-MSIX-0000:12:00.0  21-edge      nvme2q21
137:          0          0          0          0          0          0          0          0          0          0          0          0          0          0          0          0          0          0          0          0          0          0          0          0          0          0          0          0          0          0          0          0  IR-PCI-MSIX-0000:12:00.0  22-edge      nvme2q22
138:          0          0          0          0          0          0          0          0          0          0          0          0          0          0          0          0          0          0          0          0          0          0          0          0          0          0          0          0          0          0          0          0  IR-PCI-MSIX-0000:12:00.0  23-edge      nvme2q23
139:          0          0          0          0          0          0          0          0          0          0          0          0          0          0          0          0          0          0          0          0          0          0          0         46          0          0          0          0          0          0          0          0  IR-PCI-MSIX-0000:12:00.0  24-edge      nvme2q24
140:          0          0          0          0          0          0          0          0          0          0          0          0          0          0          0          0          0          0          0          0          0          0          0          0         16          0          0          0          0          0          0          0  IR-PCI-MSIX-0000:12:00.0  25-edge      nvme2q25
141:          0          0          0          0          0          0          0          0          0          0          0          0          0          0          0          0          0          0          0          0          0          0          0          0          0          0          0          0          0          0          0          0  IR-PCI-MSIX-0000:12:00.0  26-edge      nvme2q26
142:          0          0          0          0          0          0          0          0          0          0          0          0          0          0          0          0          0          0          0          0          0          0          0          0          0          0          0          0          0          0          0          0  IR-PCI-MSIX-0000:12:00.0  27-edge      nvme2q27
143:          0          0          0          0          0          0          0          0          0          0          0          0          0          0          0          0          0          0          0          0          0          0          0          0          0          0          0          0          0          0          0          0  IR-PCI-MSIX-0000:12:00.0  28-edge      nvme2q28
144:          0          0          0          0          0          0          0          0          0          0          0          0          0          0          0          0          0          0          0          0          0          0          0          0          0          0          0          0          0          0          0          0  IR-PCI-MSIX-0000:12:00.0  29-edge      nvme2q29
145:          0          0          0          0          0          0          0          0          0          0          0          0          0          0          0          0          0          0          0          0          0          0          0          0          0          0          0          0          0          0          0          0  IR-PCI-MSIX-0000:12:00.0  30-edge      nvme2q30
146:          0          0          0          0          0          0          0          0          0          0          0          0          0          0          0          0          0          0          0          0          0          0          0          0          0          0          0          0          0          0          0          0  IR-PCI-MSIX-0000:12:00.0  31-edge      nvme2q31
147:          0          0          0          0          0          0          0          0          0          0          0          0          0          0          0          0          0          0          0          0          0          0          0          0          0          0          0          0          0          0          0          8  IR-PCI-MSIX-0000:12:00.0  32-edge      nvme2q32
148:       2905          0          0          0          0          0          0          0          0          0          0          0          0          0          0          0          0          0          0          0          0          0          0          0          0          0          0          0          0          0          0          0  IR-PCI-MSIX-0000:11:00.0   1-edge      nvme1q1
149:          0       3842          0          0          0          0          0          0          0          0          0          0          0          0          0          0          0          0          0          0          0          0          0          0          0          0          0          0          0          0          0          0  IR-PCI-MSIX-0000:11:00.0   2-edge      nvme1q2
150:          0          0       8569          0          0          0          0          0          0          0          0          0          0          0          0          0          0          0          0          0          0          0          0          0          0          0          0          0          0          0          0          0  IR-PCI-MSIX-0000:11:00.0   3-edge      nvme1q3
151:          0          0          0       5749          0          0          0          0          0          0          0          0          0          0          0          0          0          0          0          0          0          0          0          0          0          0          0          0          0          0          0          0  IR-PCI-MSIX-0000:11:00.0   4-edge      nvme1q4
152:          0          0          0          0       7918          0          0          0          0          0          0          0          0          0          0          0          0          0          0          0          0          0          0          0          0          0          0          0          0          0          0          0  IR-PCI-MSIX-0000:11:00.0   5-edge      nvme1q5
153:          0          0          0          0          0       8185          0          0          0          0          0          0          0          0          0          0          0          0          0          0          0          0          0          0          0          0          0          0          0          0          0          0  IR-PCI-MSIX-0000:11:00.0   6-edge      nvme1q6
154:          0          0          0          0          0          0       5851          0          0          0          0          0          0          0          0          0          0          0          0          0          0          0          0          0          0          0          0          0          0          0          0          0  IR-PCI-MSIX-0000:11:00.0   7-edge      nvme1q7
155:          0          0          0          0          0          0          0       3400          0          0          0          0          0          0          0          0          0          0          0          0          0          0          0          0          0          0          0          0          0          0          0          0  IR-PCI-MSIX-0000:11:00.0   8-edge      nvme1q8
156:          0          0          0          0          0          0          0          0       2524          0          0          0          0          0          0          0          0          0          0          0          0          0          0          0          0          0          0          0          0          0          0          0  IR-PCI-MSIX-0000:11:00.0   9-edge      nvme1q9
157:          0          0          0          0          0          0          0          0          0       1801          0          0          0          0          0          0          0          0          0          0          0          0          0          0          0          0          0          0          0          0          0          0  IR-PCI-MSIX-0000:11:00.0  10-edge      nvme1q10
158:          0          0          0          0          0          0          0          0          0          0       8210          0          0          0          0          0          0          0          0          0          0          0          0          0          0          0          0          0          0          0          0          0  IR-PCI-MSIX-0000:11:00.0  11-edge      nvme1q11
159:          0          0          0          0          0          0          0          0          0          0          0       1986          0          0          0          0          0          0          0          0          0          0          0          0          0          0          0          0          0          0          0          0  IR-PCI-MSIX-0000:11:00.0  12-edge      nvme1q12
160:          0          0          0          0          0          0          0          0          0          0          0          0       2375          0          0          0          0          0          0          0          0          0          0          0          0          0          0          0          0          0          0          0  IR-PCI-MSIX-0000:11:00.0  13-edge      nvme1q13
161:          0          0          0          0          0          0          0          0          0          0          0          0          0       1877          0          0          0          0          0          0          0          0          0          0          0          0          0          0          0          0          0          0  IR-PCI-MSIX-0000:11:00.0  14-edge      nvme1q14
162:          0          0          0          0          0          0          0          0          0          0          0          0          0          0       4105          0          0          0          0          0          0          0          0          0          0          0          0          0          0          0          0          0  IR-PCI-MSIX-0000:11:00.0  15-edge      nvme1q15
163:          0          0          0          0          0          0          0          0          0          0          0          0          0          0          0       6100          0          0          0          0          0          0          0          0          0          0          0          0          0          0          0          0  IR-PCI-MSIX-0000:11:00.0  16-edge      nvme1q16
164:          0          0          0          0          0          0          0          0          0          0          0          0          0          0          0          0       3182          0          0          0          0          0          0          0          0          0          0          0          0          0          0          0  IR-PCI-MSIX-0000:11:00.0  17-edge      nvme1q17
165:          0          0          0          0          0          0          0          0          0          0          0          0          0          0          0          0          0       3010          0          0          0          0          0          0          0          0          0          0          0          0          0          0  IR-PCI-MSIX-0000:11:00.0  18-edge      nvme1q18
166:          0          0          0          0          0          0          0          0          0          0          0          0          0          0          0          0          0          0       9198          0          0          0          0          0          0          0          0          0          0          0          0          0  IR-PCI-MSIX-0000:11:00.0  19-edge      nvme1q19
167:          0          0          0          0          0          0          0          0          0          0          0          0          0          0          0          0          0          0          0       3316          0          0          0          0          0          0          0          0          0          0          0          0  IR-PCI-MSIX-0000:11:00.0  20-edge      nvme1q20
168:          0          0          0          0          0          0          0          0          0          0          0          0          0          0          0          0          0          0          0          0       3304          0          0          0          0          0          0          0          0          0          0          0  IR-PCI-MSIX-0000:11:00.0  21-edge      nvme1q21
169:          0          0          0          0          0          0          0          0          0          0          0          0          0          0          0          0          0          0          0          0          0       2302          0          0          0          0          0          0          0          0          0          0  IR-PCI-MSIX-0000:11:00.0  22-edge      nvme1q22
170:          0          0          0          0          0          0          0          0          0          0          0          0          0          0          0          0          0          0          0          0          0          0       2938          0          0          0          0          0          0          0          0          0  IR-PCI-MSIX-0000:11:00.0  23-edge      nvme1q23
171:          0          0          0          0          0          0          0          0          0          0          0          0          0          0          0          0          0          0          0          0          0          0          0       1529          0          0          0          0          0          0          0          0  IR-PCI-MSIX-0000:11:00.0  24-edge      nvme1q24
172:          0          0          0          0          0          0          0          0          0          0          0          0          0          0          0          0          0          0          0          0          0          0          0          0       3220          0          0          0          0          0          0          0  IR-PCI-MSIX-0000:11:00.0  25-edge      nvme1q25
173:          0          0          0          0          0          0          0          0          0          0          0          0          0          0          0          0          0          0          0          0          0          0          0          0          0       1211          0          0          0          0          0          0  IR-PCI-MSIX-0000:11:00.0  26-edge      nvme1q26
174:          0          0          0          0          0          0          0          0          0          0          0          0          0          0          0          0          0          0          0          0          0          0          0          0          0          0       3513          0          0          0          0          0  IR-PCI-MSIX-0000:11:00.0  27-edge      nvme1q27
175:          0          0          0          0          0          0          0          0          0          0          0          0          0          0          0          0          0          0          0          0          0          0          0          0          0          0          0       8224          0          0          0          0  IR-PCI-MSIX-0000:11:00.0  28-edge      nvme1q28
176:          0          0          0          0          0          0          0          0          0          0          0          0          0          0          0          0          0          0          0          0          0          0          0          0          0          0          0          0       4780          0          0          0  IR-PCI-MSIX-0000:11:00.0  29-edge      nvme1q29
177:          0          0          0          0          0          0          0          0          0          0          0          0          0          0          0          0          0          0          0          0          0          0          0          0          0          0          0          0          0       2494          0          0  IR-PCI-MSIX-0000:11:00.0  30-edge      nvme1q30
178:          0          0          0          0          0          0          0          0          0          0          0          0          0          0          0          0          0          0          0          0          0          0          0          0          0          0          0          0          0          0       3342          0  IR-PCI-MSIX-0000:11:00.0  31-edge      nvme1q31
179:          0          0          0          0          0          0          0          0          0          0          0          0          0          0          0          0          0          0          0          0          0          0          0          0          0          0          0          0          0          0          0       1219  IR-PCI-MSIX-0000:11:00.0  32-edge      nvme1q32
180:          0          0          0          0          0          0          0          0          0          0          0          0          0          0          0          0          0          0          0          0          0          0          0          0          0          0          0          0          0          0          0          0  IR-PCI-MSIX-0000:13:00.0   1-edge      nvme3q1
181:          0          0          0          0          0          0          0          0          0          0          0          0          0          0          0          0          0          0          0          0          0          0          0          0          0          0          0          0          0          0          0          0  IR-PCI-MSIX-0000:13:00.0   2-edge      nvme3q2
182:          0          0          0          0          0          0          0          0          0          0          0          0          0          0          0          0          0          0          0          0          0          0          0          0          0          0          0          0          0          0          0          0  IR-PCI-MSIX-0000:13:00.0   3-edge      nvme3q3
183:          0          0          0          4          0          0          0          0          0          0          0          0          0          0          0          0          0          0          0          0          0          0          0          0          0          0          0          0          0          0          0          0  IR-PCI-MSIX-0000:13:00.0   4-edge      nvme3q4
184:          0          0          0          0          0          0          0          0          0          0          0          0          0          0          0          0          0          0          0          0          0          0          0          0          0          0          0          0          0          0          0          0  IR-PCI-MSIX-0000:13:00.0   5-edge      nvme3q5
185:          0          0          0          0          0         42          0          0          0          0          0          0          0          0          0          0          0          0          0          0          0          0          0          0          0          0          0          0          0          0          0          0  IR-PCI-MSIX-0000:13:00.0   6-edge      nvme3q6
186:          0          0          0          0          0          0          8          0          0          0          0          0          0          0          0          0          0          0          0          0          0          0          0          0          0          0          0          0          0          0          0          0  IR-PCI-MSIX-0000:13:00.0   7-edge      nvme3q7
187:          0          0          0          0          0          0          0          0          0          0          0          0          0          0          0          0          0          0          0          0          0          0          0          0          0          0          0          0          0          0          0          0  IR-PCI-MSIX-0000:13:00.0   8-edge      nvme3q8
188:          0          0          0          0          0          0          0          0          1          0          0          0          0          0          0          0          0          0          0          0          0          0          0          0          0          0          0          0          0          0          0          0  IR-PCI-MSIX-0000:13:00.0   9-edge      nvme3q9
189:          0          0          0          0          0          0          0          0          0          0          0          0          0          0          0          0          0          0          0          0          0          0          0          0          0          0          0          0          0          0          0          0  IR-PCI-MSIX-0000:13:00.0  10-edge      nvme3q10
190:          0          0          0          0          0          0          0          0          0          0         41          0          0          0          0          0          0          0          0          0          0          0          0          0          0          0          0          0          0          0          0          0  IR-PCI-MSIX-0000:13:00.0  11-edge      nvme3q11
191:          0          0          0          0          0          0          0          0          0          0          0          5          0          0          0          0          0          0          0          0          0          0          0          0          0          0          0          0          0          0          0          0  IR-PCI-MSIX-0000:13:00.0  12-edge      nvme3q12
192:          0          0          0          0          0          0          0          0          0          0          0          0          0          0          0          0          0          0          0          0          0          0          0          0          0          0          0          0          0          0          0          0  IR-PCI-MSIX-0000:13:00.0  13-edge      nvme3q13
193:          0          0          0          0          0          0          0          0          0          0          0          0          0          0          0          0          0          0          0          0          0          0          0          0          0          0          0          0          0          0          0          0  IR-PCI-MSIX-0000:13:00.0  14-edge      nvme3q14
194:          0          0          0          0          0          0          0          0          0          0          0          0          0          0          0          0          0          0          0          0          0          0          0          0          0          0          0          0          0          0          0          0  IR-PCI-MSIX-0000:13:00.0  15-edge      nvme3q15
195:          0          0          0          0          0          0          0          0          0          0          0          0          0          0          0          0          0          0          0          0          0          0          0          0          0          0          0          0          0          0          0          0  IR-PCI-MSIX-0000:13:00.0  16-edge      nvme3q16
196:          0          0          0          0          0          0          0          0          0          0          0          0          0          0          0          0          0          0          0          0          0          0          0          0          0          0          0          0          0          0          0          0  IR-PCI-MSIX-0000:13:00.0  17-edge      nvme3q17
197:          0          0          0          0          0          0          0          0          0          0          0          0          0          0          0          0          0         47          0          0          0          0          0          0          0          0          0          0          0          0          0          0  IR-PCI-MSIX-0000:13:00.0  18-edge      nvme3q18
198:          0          0          0          0          0          0          0          0          0          0          0          0          0          0          0          0          0          0          0          0          0          0          0          0          0          0          0          0          0          0          0          0  IR-PCI-MSIX-0000:13:00.0  19-edge      nvme3q19
199:          0          0          0          0          0          0          0          0          0          0          0          0          0          0          0          0          0          0          0         45          0          0          0          0          0          0          0          0          0          0          0          0  IR-PCI-MSIX-0000:13:00.0  20-edge      nvme3q20
200:          0          0          0          0          0          0          0          0          0          0          0          0          0          0          0          0          0          0          0          0          0          0          0          0          0          0          0          0          0          0          0          0  IR-PCI-MSIX-0000:13:00.0  21-edge      nvme3q21
201:          0          0          0          0          0          0          0          0          0          0          0          0          0          0          0          0          0          0          0          0          0          0          0          0          0          0          0          0          0          0          0          0  IR-PCI-MSIX-0000:13:00.0  22-edge      nvme3q22
202:          0          0          0          0          0          0          0          0          0          0          0          0          0          0          0          0          0          0          0          0          0          0         47          0          0          0          0          0          0          0          0          0  IR-PCI-MSIX-0000:13:00.0  23-edge      nvme3q23
203:          0          0          0          0          0          0          0          0          0          0          0          0          0          0          0          0          0          0          0          0          0          0          0          0          0          0          0          0          0          0          0          0  IR-PCI-MSIX-0000:13:00.0  24-edge      nvme3q24
204:          0          0          0          0          0          0          0          0          0          0          0          0          0          0          0          0          0          0          0          0          0          0          0          0         16          0          0          0          0          0          0          0  IR-PCI-MSIX-0000:13:00.0  25-edge      nvme3q25
205:          0          0          0          0          0          0          0          0          0          0          0          0          0          0          0          0          0          0          0          0          0          0          0          0          0          0          0          0          0          0          0          0  IR-PCI-MSIX-0000:13:00.0  26-edge      nvme3q26
206:          0          0          0          0          0          0          0          0          0          0          0          0          0          0          0          0          0          0          0          0          0          0          0          0          0          0          0          0          0          0          0          0  IR-PCI-MSIX-0000:13:00.0  27-edge      nvme3q27
207:          0          0          0          0          0          0          0          0          0          0          0          0          0          0          0          0          0          0          0          0          0          0          0          0          0          0          0          0          0          0          0          0  IR-PCI-MSIX-0000:13:00.0  28-edge      nvme3q28
208:          0          0          0          0          0          0          0          0          0          0          0          0          0          0          0          0          0          0          0          0          0          0          0          0          0          0          0          0          0          0          0          0  IR-PCI-MSIX-0000:13:00.0  29-edge      nvme3q29
209:          0          0          0          0          0          0          0          0          0          0          0          0          0          0          0          0          0          0          0          0          0          0          0          0          0          0          0          0          0          0          0          0  IR-PCI-MSIX-0000:13:00.0  30-edge      nvme3q30
210:          0          0          0          0          0          0          0          0          0          0          0          0          0          0          0          0          0          0          0          0          0          0          0          0          0          0          0          0          0          0          0          0  IR-PCI-MSIX-0000:13:00.0  31-edge      nvme3q31
211:          0          0          0          0          0          0          0          0          0          0          0          0          0          0          0          0          0          0          0          0          0          0          0          0          0          0          0          0          0          0          0          8  IR-PCI-MSIX-0000:13:00.0  32-edge      nvme3q32
212:          0          0          0          0          0          0          0          0          0          0          0          0          0          0          0          0          0          0          0          0          0          0          0          0          0          0          0          0          0          0          0          0  IR-PCI-MSIX-0000:14:00.0   1-edge      nvme4q1
213:          0         43          0          0          0          0          0          0          0          0          0          0          0          0          0          0          0          0          0          0          0          0          0          0          0          0          0          0          0          0          0          0  IR-PCI-MSIX-0000:14:00.0   2-edge      nvme4q2
214:          0          0          0          0          0          0          0          0          0          0          0          0          0          0          0          0          0          0          0          0          0          0          0          0          0          0          0          0          0          0          0          0  IR-PCI-MSIX-0000:14:00.0   3-edge      nvme4q3
215:          0          0          0          1          0          0          0          0          0          0          0          0          0          0          0          0          0          0          0          0          0          0          0          0          0          0          0          0          0          0          0          0  IR-PCI-MSIX-0000:14:00.0   4-edge      nvme4q4
216:          0          0          0          0          0          0          0          0          0          0          0          0          0          0          0          0          0          0          0          0          0          0          0          0          0          0          0          0          0          0          0          0  IR-PCI-MSIX-0000:14:00.0   5-edge      nvme4q5
217:          0          0          0          0          0          0          0          0          0          0          0          0          0          0          0          0          0          0          0          0          0          0          0          0          0          0          0          0          0          0          0          0  IR-PCI-MSIX-0000:14:00.0   6-edge      nvme4q6
218:          0          0          0          0          0          0          8          0          0          0          0          0          0          0          0          0          0          0          0          0          0          0          0          0          0          0          0          0          0          0          0          0  IR-PCI-MSIX-0000:14:00.0   7-edge      nvme4q7
219:          0          0          0          0          0          0          0          0          0          0          0          0          0          0          0          0          0          0          0          0          0          0          0          0          0          0          0          0          0          0          0          0  IR-PCI-MSIX-0000:14:00.0   8-edge      nvme4q8
220:          0          0          0          0          0          0          0          0          1          0          0          0          0          0          0          0          0          0          0          0          0          0          0          0          0          0          0          0          0          0          0          0  IR-PCI-MSIX-0000:14:00.0   9-edge      nvme4q9
221:          0          0          0          0          0          0          0          0          0          0          0          0          0          0          0          0          0          0          0          0          0          0          0          0          0          0          0          0          0          0          0          0  IR-PCI-MSIX-0000:14:00.0  10-edge      nvme4q10
222:          0          0          0          0          0          0          0          0          0          0          0          0          0          0          0          0          0          0          0          0          0          0          0          0          0          0          0          0          0          0          0          0  IR-PCI-MSIX-0000:14:00.0  11-edge      nvme4q11
223:          0          0          0          0          0          0          0          0          0          0          0         29          0          0          0          0          0          0          0          0          0          0          0          0          0          0          0          0          0          0          0          0  IR-PCI-MSIX-0000:14:00.0  12-edge      nvme4q12
224:          0          0          0          0          0          0          0          0          0          0          0          0          0          0          0          0          0          0          0          0          0          0          0          0          0          0          0          0          0          0          0          0  IR-PCI-MSIX-0000:14:00.0  13-edge      nvme4q13
225:          0          0          0          0          0          0          0          0          0          0          0          0          0          0          0          0          0          0          0          0          0          0          0          0          0          0          0          0          0          0          0          0  IR-PCI-MSIX-0000:14:00.0  14-edge      nvme4q14
226:          0          0          0          0          0          0          0          0          0          0          0          0          0          0          0          0          0          0          0          0          0          0          0          0          0          0          0          0          0          0          0          0  IR-PCI-MSIX-0000:14:00.0  15-edge      nvme4q15
227:          0          0          0          0          0          0          0          0          0          0          0          0          0          0          0         66          0          0          0          0          0          0          0          0          0          0          0          0          0          0          0          0  IR-PCI-MSIX-0000:14:00.0  16-edge      nvme4q16
228:          0          0          0          0          0          0          0          0          0          0          0          0          0          0          0          0          0          0          0          0          0          0          0          0          0          0          0          0          0          0          0          0  IR-PCI-MSIX-0000:14:00.0  17-edge      nvme4q17
229:          0          0          0          0          0          0          0          0          0          0          0          0          0          0          0          0          0        112          0          0          0          0          0          0          0          0          0          0          0          0          0          0  IR-PCI-MSIX-0000:14:00.0  18-edge      nvme4q18
230:          0          0          0          0          0          0          0          0          0          0          0          0          0          0          0          0          0          0          0          0          0          0          0          0          0          0          0          0          0          0          0          0  IR-PCI-MSIX-0000:14:00.0  19-edge      nvme4q19
231:          0          0          0          0          0          0          0          0          0          0          0          0          0          0          0          0          0          0          0         92          0          0          0          0          0          0          0          0          0          0          0          0  IR-PCI-MSIX-0000:14:00.0  20-edge      nvme4q20
232:          0          0          0          0          0          0          0          0          0          0          0          0          0          0          0          0          0          0          0          0         29          0          0          0          0          0          0          0          0          0          0          0  IR-PCI-MSIX-0000:14:00.0  21-edge      nvme4q21
233:          0          0          0          0          0          0          0          0          0          0          0          0          0          0          0          0          0          0          0          0          0          0          0          0          0          0          0          0          0          0          0          0  IR-PCI-MSIX-0000:14:00.0  22-edge      nvme4q22
234:          0          0          0          0          0          0          0          0          0          0          0          0          0          0          0          0          0          0          0          0          0          0         66          0          0          0          0          0          0          0          0          0  IR-PCI-MSIX-0000:14:00.0  23-edge      nvme4q23
235:          0          0          0          0          0          0          0          0          0          0          0          0          0          0          0          0          0          0          0          0          0          0          0         29          0          0          0          0          0          0          0          0  IR-PCI-MSIX-0000:14:00.0  24-edge      nvme4q24
236:          0          0          0          0          0          0          0          0          0          0          0          0          0          0          0          0          0          0          0          0          0          0          0          0         16          0          0          0          0          0          0          0  IR-PCI-MSIX-0000:14:00.0  25-edge      nvme4q25
237:          0          0          0          0          0          0          0          0          0          0          0          0          0          0          0          0          0          0          0          0          0          0          0          0          0          0          0          0          0          0          0          0  IR-PCI-MSIX-0000:14:00.0  26-edge      nvme4q26
238:          0          0          0          0          0          0          0          0          0          0          0          0          0          0          0          0          0          0          0          0          0          0          0          0          0          0          0          0          0          0          0          0  IR-PCI-MSIX-0000:14:00.0  27-edge      nvme4q27
239:          0          0          0          0          0          0          0          0          0          0          0          0          0          0          0          0          0          0          0          0          0          0          0          0          0          0          0          0          0          0          0          0  IR-PCI-MSIX-0000:14:00.0  28-edge      nvme4q28
240:          0          0          0          0          0          0          0          0          0          0          0          0          0          0          0          0          0          0          0          0          0          0          0          0          0          0          0          0          0          0          0          0  IR-PCI-MSIX-0000:14:00.0  29-edge      nvme4q29
241:          0          0          0          0          0          0          0          0          0          0          0          0          0          0          0          0          0          0          0          0          0          0          0          0          0          0          0          0          0         29          0          0  IR-PCI-MSIX-0000:14:00.0  30-edge      nvme4q30
242:          0          0          0          0          0          0          0          0          0          0          0          0          0          0          0          0          0          0          0          0          0          0          0          0          0          0          0          0          0          0         47          0  IR-PCI-MSIX-0000:14:00.0  31-edge      nvme4q31
243:          0          0          0          0          0          0          0          0          0          0          0          0          0          0          0          0          0          0          0          0          0          0          0          0          0          0          0          0          0          0          0         77  IR-PCI-MSIX-0000:14:00.0  32-edge      nvme4q32
244:          0          0          0          0          0          0          0          0          0          0          0          0          0         13          0          0          0          0          0          0          0          0          0          0          0          0          0          0          0          0          0          0  IR-PCI-MSIX-0000:b1:00.0   0-edge      bnxt_re-creq@pci:0000:b1:00.0
245:          0          0          0          0          0          0          0          0          0          0          0          0          0          0          0          0          0          0          0          0          0          0          0          0          0          0          0          0          0          0          0          0  IR-PCI-MSIX-0000:b1:00.0   1-edge      bnxt_re-nq-0@pci:0000:b1:00.0
246:          0          0          0          0          0          0          0          0          0          0          0          0          0          0          0          0          0          0          0          0          0          0          0          0          0          0          0          0          0          0          0          0  IR-PCI-MSIX-0000:b1:00.0   2-edge      bnxt_re-nq-1@pci:0000:b1:00.0
247:          0          0          0          0          0          0          0          0          0          0          0          0          0          0          0          0          0          0          0          0          0          0          0          0          0          0          0          0          0          0          0          0  IR-PCI-MSIX-0000:b1:00.0   3-edge      bnxt_re-nq-2@pci:0000:b1:00.0
248:          0          0          0          0          0          0          0          0          0          0          0          0          0          0          0          0          0          0          0          0          0          0          0          0          0          0          0          0          0          0          0          0  IR-PCI-MSIX-0000:b1:00.0   4-edge      bnxt_re-nq-3@pci:0000:b1:00.0
249:          0          0          0          0          0          0          0          0          0          0          0          0          0          0          0          0          0          0          0          0          0          0          0          0          0          0          0          0          0          0          0          0  IR-PCI-MSIX-0000:b1:00.0   5-edge      bnxt_re-nq-4@pci:0000:b1:00.0
250:          0          0          0          0          0          0          0          0          0          0          0          0          0          0          0          0          0          0          0          0          0          0          0          0          0          0          0          0          0          0          0          0  IR-PCI-MSIX-0000:b1:00.0   6-edge      bnxt_re-nq-5@pci:0000:b1:00.0
251:          0          0          0          0          0          0          0          0          0          0          0          0          0          0          0          0          0          0          0          0          0          0          0          0          0          0          0          0          0          0          0          0  IR-PCI-MSIX-0000:b1:00.0   7-edge      bnxt_re-nq-6@pci:0000:b1:00.0
252:          0          0          0          0          0          0          0          0          0          0          0          0          0          0          0          0          0          0          0          0          0          0          0          0          0          0          0          0          0          0          0          0  IR-PCI-MSIX-0000:b1:00.0   8-edge      bnxt_re-nq-7@pci:0000:b1:00.0
253:   17784631          0          0          0          0          0          0          0          0          0          0          0          0          0          0          0          0          0          0          0          0          0          0          0          0          0          0          0          0          0          0          0  IR-PCI-MSIX-0000:b1:00.0   9-edge      ens3np0-TxRx-0
254:          0   16599217          0          0          0          0          0          0          0          0          0          0          0          0          0          0          0          0          0          0          0          0          0          0          0          0          0          0          0          0          0          0  IR-PCI-MSIX-0000:b1:00.0  10-edge      ens3np0-TxRx-1
255:          0          0   19553041          0          0          0          0          0          0          0          0          0          0          0          0          0          0          0          0          0          0          0          0          0          0          0          0          0          0          0          0          0  IR-PCI-MSIX-0000:b1:00.0  11-edge      ens3np0-TxRx-2
256:          0          0          0   21030468          0          0          0          0          0          0          0          0          0          0          0          0          0          0          0          0          0          0          0          0          0          0          0          0          0          0          0          0  IR-PCI-MSIX-0000:b1:00.0  12-edge      ens3np0-TxRx-3
257:          0          0          0          0   21267925          0          0          0          0          0          0          0          0          0          0          0          0          0          0          0          0          0          0          0          0          0          0          0          0          0          0          0  IR-PCI-MSIX-0000:b1:00.0  13-edge      ens3np0-TxRx-4
258:          0          0          0          0          0   20653561          0          0          0          0          0          0          0          0          0          0          0          0          0          0          0          0          0          0          0          0          0          0          0          0          0          0  IR-PCI-MSIX-0000:b1:00.0  14-edge      ens3np0-TxRx-5
259:          0          0          0          0          0          0   21208820          0          0          0          0          0          0          0          0          0          0          0          0          0          0          0          0          0          0          0          0          0          0          0          0          0  IR-PCI-MSIX-0000:b1:00.0  15-edge      ens3np0-TxRx-6
260:          0          0          0          0          0          0          0   21323920          0          0          0          0          0          0          0          0          0          0          0          0          0          0          0          0          0          0          0          0          0          0          0          0  IR-PCI-MSIX-0000:b1:00.0  16-edge      ens3np0-TxRx-7
261:          0          0          0          0          0          0          0          0   21475270          0          0          0          0          0          0          0          0          0          0          0          0          0          0          0          0          0          0          0          0          0          0          0  IR-PCI-MSIX-0000:b1:00.0  17-edge      ens3np0-TxRx-8
262:          0          0          0          0          0          0          0          0          0   21312754          0          0          0          0          0          0          0          0          0          0          0          0          0          0          0          0          0          0          0          0          0          0  IR-PCI-MSIX-0000:b1:00.0  18-edge      ens3np0-TxRx-9
263:          0          0          0          0          0          0          0          0          0          0   21204730          0          0          0          0          0          0          0          0          0          0          0          0          0          0          0          0          0          0          0          0          0  IR-PCI-MSIX-0000:b1:00.0  19-edge      ens3np0-TxRx-10
264:          0          0          0          0          0          0          0          0          0          0          0   21044929          0          0          0          0          0          0          0          0          0          0          0          0          0          0          0          0          0          0          0          0  IR-PCI-MSIX-0000:b1:00.0  20-edge      ens3np0-TxRx-11
265:          0          0          0          0          0          0          0          0          0          0          0          0   21127574          0          0          0          0          0          0          0          0          0          0          0          0          0          0          0          0          0          0          0  IR-PCI-MSIX-0000:b1:00.0  21-edge      ens3np0-TxRx-12
266:          0          0          0          0          0          0          0          0          0          0          0          0          0   20783273          0          0          0          0          0          0          0          0          0          0          0          0          0          0          0          0          0          0  IR-PCI-MSIX-0000:b1:00.0  22-edge      ens3np0-TxRx-13
267:          0          0          0          0          0          0          0          0          0          0          0          0          0          0   21331336          0          0          0          0          0          0          0          0          0          0          0          0          0          0          0          0          0  IR-PCI-MSIX-0000:b1:00.0  23-edge      ens3np0-TxRx-14
268:          0          0          0          0          0          0          0          0          0          0          0          0          0          0          0   21283852          0          0          0          0          0          0          0          0          0          0          0          0          0          0          0          0  IR-PCI-MSIX-0000:b1:00.0  24-edge      ens3np0-TxRx-15
269:          0          0          0          0          0          0          0          0          0          0          0          0       8497          0          0          0          0          0          0          0          0          0          0          0          0          0          0          0          0          0          0          0  IR-PCI-MSIX-0000:61:00.0   0-edge      mlx5_async0@pci:0000:61:00.0
270:          0          0          0          0          0          0          0          0          0          0          0          0          0          0          0          0          0          0          0          0          0          0          0          0          0          0          0          0          0          0          0          0  IR-PCI-MSIX-0000:61:00.0   1-edge      mlx5_comp0@pci:0000:61:00.0
NMI:        147        145        147        147        146        150        149        151        147        146        145        145        143        144        146        144        141        142        144        145        144        144        146        145        142        143        141        142        141        142        145        146   Non-maskable interrupts
LOC:    2557146    2657931    3704451    4136429    3206257    3111812    2911317    2948145    2731037    2641364    2740276    2739905    2565092    2617430    2925100    3124298    2849000    2989367    2777129    2933281    2725727    2675577    2831163    2751298    2593202    2683302    2412690    2544127    2475686    2457943    2499498    2445561   Local timer interrupts
SPU:          0          0          0          0          0          0          0          0          0          0          0          0          0          0          0          0          0          0          0          0          0          0          0          0          0          0          0          0          0          0          0          0   Spurious interrupts
PMI:        147        145        147        147        146        150        149        151        147        146        145        145        143        144        146        144        141        142        144        145        144        144        146        145        142        143        141        142        141        142        145        146   Performance monitoring interrupts
IWI:          0          1      24733          0          1          0          0          2          0          0      22650          0          3          2          0          0          0          0          0          0          0          0          0          0          0          0          0          0          0          0          0          0   IRQ work interrupts
RTR:          0          0          0          0          0          0          0          0          0          0          0          0          0          0          0          0          0          0          0          0          0          0          0          0          0          0          0          0          0          0          0          0   APIC ICR read retries
RES:      11992      15324      15283      15790      18607      19353      20843      22915      23182      20596      21257      19934      21931      26953      19012      21928      22535      26603      20204      33270      31898      26973      23481      28726      21661      30843      19702      27853      19869      16959      17886      15972   Rescheduling interrupts
CAL:    2418339     459200     585109     459945     382804     347020     234216     200264     142666     170189     272430     180609     128955     143398     225522     206023    1036747     993165     754358     732739     865441     685496     496492     388091     605505     454087     698154     539795     370824     276237     344961     310598   Function call interrupts
TLB:       1093       1093        987        968       1099       1065       1161       1240       1380       1167       1230       1166       1213       1577        795        856        958       1010       1052       1697       1718       1209       1206       1570       1141       1642       1097       1610       1250        951       1137       1101   TLB shootdowns
TRM:          0          0          0          0          0          0          0          0          0          0          0          0          0          0          0          0          0          0          0          0          0          0          0          0          0          0          0          0          0          0          0          0   Thermal event interrupts
THR:          0          0          0          0          0          0          0          0          0          0          0          0          0          0          0          0          0          0          0          0          0          0          0          0          0          0          0          0          0          0          0          0   Threshold APIC interrupts
DFR:          0          0          0          0          0          0          0          0          0          0          0          0          0          0          0          0          0          0          0          0          0          0          0          0          0          0          0          0          0          0          0          0   Deferred Error APIC interrupts
MCE:          0          0          0          0          0          0          0          0          0          0          0          0          0          0          0          0          0          0          0          0          0          0          0          0          0          0          0          0          0          0          0          0   Machine check exceptions
MCP:        515        516        516        516        516        516        516        516        516        516        516        516        516        516        516        516        516        516        516        516        516        516        516        516        516        516        516        516        516        516        516        516   Machine check polls
ERR:          0
MIS:          0
PIN:          0          0          0          0          0          0          0          0          0          0          0          0          0          0          0          0          0          0          0          0          0          0          0          0          0          0          0          0          0          0          0          0   Posted-interrupt notification event
NPI:          0          0          0          0          0          0          0          0          0          0          0          0          0          0          0          0          0          0          0          0          0          0          0          0          0          0          0          0          0          0          0          0   Nested posted-interrupt event
PIW:          0          0          0          0          0          0          0          0          0          0          0          0          0          0          0          0          0          0          0          0          0          0          0          0          0          0          0          0          0          0          0          0   Posted-interrupt wakeup event
