ts,CPU0,CPU1,CPU2,CPU3,CPU4,CPU5,CPU6,CPU7,CPU8,CPU9,CPU10,CPU11,CPU12,CPU13,CPU14,CPU15,CPU16,CPU17,CPU18,CPU19,CPU20,CPU21,CPU22,CPU23,CPU24,CPU25,CPU26,CPU27,CPU28,CPU29,CPU30,CPU31,CPU32,CPU33,CPU34,CPU35,CPU36,CPU37,CPU38,CPU39,CPU40,CPU41,CPU42,CPU43,CPU44,CPU45,CPU46,CPU47,CPU48,CPU49,CPU50,CPU51,CPU52,CPU53,CPU54,CPU55,CPU56,CPU57,CPU58,CPU59,CPU60,CPU61,CPU62,CPU63,CPU64,CPU65,CPU66,CPU67,CPU68,CPU69,CPU70,CPU71,CPU72,CPU73,CPU74,CPU75,CPU76,CPU77,CPU78,CPU79,CPU80,CPU81,CPU82,CPU83,CPU84,CPU85,CPU86,CPU87,CPU88,CPU89,CPU90,CPU91,CPU92,CPU93,CPU94,CPU95,CPU96,CPU97,CPU98,CPU99,CPU100,CPU101,CPU102,CPU103,CPU104,CPU105,CPU106,CPU107,CPU108,CPU109,CPU110,CPU111,CPU112,CPU113,CPU114,CPU115,CPU116,CPU117,CPU118,CPU119,CPU120,CPU121,CPU122,CPU123,CPU124,CPU125,CPU126,CPU127,CPU128,CPU129,CPU130,CPU131,CPU132,CPU133,CPU134,CPU135,CPU136,CPU137,CPU138,CPU139,CPU140,CPU141,CPU142,CPU143,CPU144,CPU145,CPU146,CPU147,CPU148,CPU149,CPU150,CPU151,CPU152,CPU153,CPU154,CPU155,CPU156,CPU157,CPU158,CPU159,CPU160,CPU161,CPU162,CPU163,CPU164,CPU165,CPU166,CPU167,CPU168,CPU169,CPU170,CPU171,CPU172,CPU173,CPU174,CPU175,CPU176,CPU177,CPU178,CPU179,CPU180,CPU181,CPU182,CPU183,CPU184,CPU185,CPU186,CPU187,CPU188,CPU189,CPU190,CPU191,CPU192,CPU193,CPU194,CPU195,CPU196,CPU197,CPU198,CPU199,CPU200,CPU201,CPU202,CPU203,CPU204,CPU205,CPU206,CPU207,CPU208,CPU209,CPU210,CPU211,CPU212,CPU213,CPU214,CPU215,CPU216,CPU217,CPU218,CPU219,CPU220,CPU221,CPU222,CPU223
1772305815.093367,28117488,53214980,49830781,50361710,52164799,53650112,50364528,51303971,53103235,53030089,52148128,54573475,50700138,52299051,50188874,50065125,48136785,50014125,48102934,47439172,46855424,46268926,45514108,49009288,46681560,46778927,46353011,44241379,47434228,46365992,46956167,5835631,4091032,3791172,3726405,3978576,3944921,3900696,3846328,3970287,4242334,4274961,3814733,3740626,3783276,3905561,4105946,4134685,3677087,3759079,3857182,4066485,4250087,3527840,4045170,4220032,4309492,3894801,4292161,3943945,4264731,4178594,3765196,3856359,4163889,4225167,4172675,3960884,4213380,4327063,3916089,3984692,4171741,4253072,4329062,4508965,4138271,3823262,3808500,4140406,4043689,4100365,4666613,4161251,3937681,3992830,4204998,3909322,3905172,4199857,3989898,3875157,3777753,4249840,3900111,4257120,4121685,4127433,3910412,3831361,3802368,4053774,3999048,4230201,3915819,3951455,4123091,4258776,3888617,4453692,4092788,3928114,0,0,0,0,0,0,0,0,0,0,0,0,0,0,0,0,0,0,0,0,0,0,0,0,0,0,0,0,0,0,0,0,0,0,0,124,0,0,0,0,0,0,0,0,0,0,0,0,0,0,0,0,0,24,0,0,0,0,0,0,0,0,0,0,3,0,0,0,0,0,0,0,0,0,0,0,0,0,0,0,0,0,0,0,0,0,0,0,43,0,0,238,0,0,0,0,0,0,0,0,0,0,0,0,0,0,0,0,0,0,0,35
1772305816.144515,28117489,53214994,49830795,50361726,52164799,53650138,50364540,51303973,53103261,53030120,52148128,54573476,50700138,52299051,50188875,50065150,48136785,50014161,48102958,47439196,46855448,46268939,45514108,49009288,46681596,46778927,46353022,44241422,47434228,46365992,46956167,5835631,4091032,3791172,3726405,3978576,3944921,3900696,3846328,3970287,4242334,4274961,3814733,3740626,3783276,3905561,4105946,4134685,3677087,3759079,3857182,4066485,4250087,3527840,4045170,4220032,4309492,3894801,4292161,3943945,4264731,4178594,3765196,3856359,4163889,4225167,4172675,3960884,4213380,4327063,3916089,3984692,4171741,4253072,4329062,4508965,4138271,3823262,3808500,4140406,4043689,4100365,4666613,4161251,3937681,3992830,4204998,3909322,3905172,4199857,3989898,3875157,3777753,4249840,3900111,4257120,4121685,4127433,3910412,3831361,3802368,4053774,3999048,4230201,3915819,3951455,4123091,4258776,3888617,4453692,4092788,3928114,0,0,0,0,0,0,0,0,0,0,0,0,0,0,0,0,0,0,0,0,0,0,0,0,0,0,0,0,0,0,0,0,0,0,0,124,0,0,0,0,0,0,0,0,0,0,0,0,0,0,0,0,0,24,0,0,0,0,0,0,0,0,0,0,3,0,0,0,0,0,0,0,0,0,0,0,0,0,0,0,0,0,0,0,0,0,0,0,43,0,0,238,0,0,0,0,0,0,0,0,0,0,0,0,0,0,0,0,0,0,0,35
1772305817.193928,28117489,53215003,49830804,50361735,52164799,53650144,50364550,51303976,53103261,53030157,52148128,54573476,50700138,52299051,50188875,50065150,48136785,50014172,48102958,47439196,46855448,46268951,45514108,49009288,46681607,46778927,46353042,44241464,47434228,46365992,46956167,5835631,4091032,3791172,3726405,3978576,3944921,3900696,3846328,3970287,4242334,4274961,3814733,3740626,3783276,3905561,4105946,4134685,3677087,3759079,3857182,4066485,4250087,3527840,4045170,4220032,4309492,3894801,4292161,3943945,4264731,4178594,3765196,3856359,4163889,4225167,4172675,3960884,4213380,4327063,3916089,3984692,4171741,4253072,4329062,4508965,4138271,3823262,3808500,4140406,4043689,4100365,4666613,4161251,3937681,3992830,4204998,3909322,3905172,4199857,3989898,3875157,3777753,4249840,3900111,4257120,4121685,4127433,3910412,3831361,3802368,4053774,3999048,4230201,3915819,3951455,4123091,4258776,3888617,4453692,4092788,3928114,0,0,0,0,0,0,0,0,0,0,0,0,0,0,0,0,0,0,0,0,0,0,0,0,0,0,0,0,0,0,0,0,0,0,0,124,0,0,0,0,0,0,0,0,0,0,0,0,0,0,0,0,0,24,0,0,0,0,0,0,0,0,0,0,3,0,0,0,0,0,0,0,0,0,0,0,0,0,0,0,0,0,0,0,0,0,0,0,43,0,0,238,0,0,0,0,0,0,0,0,0,0,0,0,0,0,0,0,0,0,0,35
1772305818.243496,28117490,53215003,49830809,50361742,52164799,53650146,50364555,51303976,53103261,53030173,52148128,54573477,50700138,52299051,50188876,50065150,48136785,50014172,48102965,47439203,46855455,46268958,45514108,49009288,46681607,46778927,46353051,44241480,47434228,46365992,46956167,5835631,4091032,3791172,3726405,3978576,3944921,3900696,3846328,3970287,4242334,4274961,3814733,3740626,3783276,3905561,4105946,4134685,3677087,3759079,3857182,4066485,4250087,3527840,4045170,4220032,4309492,3894801,4292161,3943945,4264731,4178594,3765196,3856359,4163889,4225167,4172675,3960884,4213380,4327063,3916089,3984692,4171741,4253072,4329062,4508965,4138271,3823262,3808500,4140406,4043689,4100365,4666613,4161251,3937681,3992830,4204998,3909322,3905172,4199857,3989898,3875157,3777753,4249840,3900111,4257120,4121685,4127433,3910412,3831361,3802368,4053774,3999048,4230201,3915819,3951455,4123091,4258776,3888617,4453692,4092788,3928114,0,0,0,0,0,0,0,0,0,0,0,0,0,0,0,0,0,0,0,0,0,0,0,0,0,0,0,0,0,0,0,0,0,0,0,124,0,0,0,0,0,0,0,0,0,0,0,0,0,0,0,0,0,24,0,0,0,0,0,0,0,0,0,0,3,0,0,0,0,0,0,0,0,0,0,0,0,0,0,0,0,0,0,0,0,0,0,0,43,0,0,238,0,0,0,0,0,0,0,0,0,0,0,0,0,0,0,0,0,0,0,35
1772305819.293835,28127348,53241950,49852497,50384624,52191087,53676882,50387330,51326337,53130896,53059167,52173997,54602793,50726328,52324689,50210711,50087954,48161991,50040604,48124544,47463997,46880856,46291302,45533569,49035530,46708439,46804062,46379130,44262068,47459262,46390542,46971850,5835631,4091032,3791172,3726405,3978576,3944921,3900696,3846328,3970287,4242334,4274961,3814733,3740626,3783276,3905561,4105946,4134685,3677087,3759079,3857182,4066485,4250087,3527840,4045170,4220032,4309492,3894801,4292161,3943945,4264731,4178594,3765196,3856359,4163889,4225167,4172675,3960884,4213380,4327063,3916089,3984692,4171741,4253072,4329062,4508965,4138271,3823262,3808500,4140406,4043689,4100365,4666613,4161251,3937681,3992830,4204998,3909322,3905172,4199857,3989898,3875157,3777753,4249840,3900111,4257120,4121685,4127433,3910412,3831361,3802368,4053774,3999048,4230201,3915819,3951455,4123091,4258776,3888617,4453692,4092788,3928114,0,0,0,0,0,0,0,0,0,0,0,0,0,0,0,0,0,0,0,0,0,0,0,0,0,0,0,0,0,0,0,0,0,0,0,124,0,0,0,0,0,0,0,0,0,0,0,0,0,0,0,0,0,24,0,0,0,0,0,0,0,0,0,0,3,0,0,0,0,0,0,0,0,0,0,0,0,0,0,0,0,0,0,0,0,0,0,0,43,0,0,238,0,0,0,0,0,0,0,0,0,0,0,0,0,0,0,0,0,0,0,35
1772305820.344810,28142995,53283535,49886453,50420277,52232273,53718209,50423140,51361688,53172743,53102826,52213479,54647087,50767069,52364145,50244448,50123184,48201453,50082386,48158607,47502354,46920105,46326154,45564099,49075806,46750462,46842688,46420448,44294123,47498852,46428844,46996145,5835631,4091032,3791172,3726405,3978576,3944921,3900696,3846328,3970287,4242334,4274961,3814733,3740626,3783276,3905561,4105946,4134685,3677087,3759079,3857182,4066485,4250087,3527840,4045170,4220032,4309492,3894801,4292161,3943945,4264731,4178594,3765196,3856359,4163889,4225167,4172675,3960884,4213380,4327063,3916089,3984692,4171741,4253072,4329062,4508965,4138271,3823262,3808500,4140406,4043689,4100365,4666613,4161251,3937681,3992830,4204998,3909322,3905172,4199857,3989898,3875157,3777753,4249840,3900111,4257120,4121685,4127433,3910412,3831361,3802368,4053774,3999048,4230201,3915819,3951455,4123091,4258776,3888617,4453692,4092788,3928114,0,0,0,0,0,0,0,0,0,0,0,0,0,0,0,0,0,0,0,0,0,0,0,0,0,0,0,0,0,0,0,0,0,0,0,124,0,0,0,0,0,0,0,0,0,0,0,0,0,0,0,0,0,24,0,0,0,0,0,0,0,0,0,0,3,0,0,0,0,0,0,0,0,0,0,0,0,0,0,0,0,0,0,0,0,0,0,0,43,0,0,238,0,0,0,0,0,0,0,0,0,0,0,0,0,0,0,0,0,0,0,35
1772305821.395196,28158421,53325124,49920379,50455604,52273350,53759559,50458745,51396738,53214562,53146341,52252884,54691208,50807614,52403346,50278104,50158218,48241163,50123854,48192747,47540530,46958926,46360921,45594455,49115896,46792537,46881330,46461530,44325835,47538247,46467149,47020272,5835631,4091032,3791172,3726405,3978576,3944921,3900696,3846328,3970287,4242334,4274961,3814733,3740626,3783276,3905561,4105946,4134685,3677087,3759079,3857182,4066485,4250087,3527840,4045170,4220032,4309492,3894801,4292161,3943945,4264731,4178594,3765196,3856359,4163889,4225167,4172675,3960884,4213380,4327063,3916089,3984692,4171741,4253072,4329062,4508965,4138271,3823262,3808500,4140406,4043689,4100365,4666613,4161251,3937681,3992830,4204998,3909322,3905172,4199857,3989898,3875157,3777753,4249840,3900111,4257120,4121685,4127433,3910412,3831361,3802368,4053774,3999048,4230201,3915819,3951455,4123091,4258776,3888617,4453692,4092788,3928114,0,0,0,0,0,0,0,0,0,0,0,0,0,0,0,0,0,0,0,0,0,0,0,0,0,0,0,0,0,0,0,0,0,0,0,124,0,0,0,0,0,0,0,0,0,0,0,0,0,0,0,0,0,24,0,0,0,0,0,0,0,0,0,0,3,0,0,0,0,0,0,0,0,0,0,0,0,0,0,0,0,0,0,0,0,0,0,0,43,0,0,238,0,0,0,0,0,0,0,0,0,0,0,0,0,0,0,0,0,0,0,35
1772305822.447087,28173996,53366975,49954538,50491607,52314610,53801003,50494521,51431734,53256479,53190189,52292612,54735532,50848647,52442741,50312002,50193439,48281145,50165385,48227279,47579395,46997974,46396011,45625259,49156345,46834729,46920029,46502939,44357678,47577841,46505590,47044990,5835631,4091032,3791172,3726405,3978576,3944921,3900696,3846328,3970287,4242334,4274961,3814733,3740626,3783276,3905561,4105946,4134685,3677087,3759079,3857182,4066485,4250087,3527840,4045170,4220032,4309492,3894801,4292161,3943945,4264731,4178594,3765196,3856359,4163889,4225167,4172675,3960884,4213380,4327063,3916089,3984692,4171741,4253072,4329062,4508965,4138271,3823262,3808500,4140406,4043689,4100365,4666613,4161251,3937681,3992830,4204998,3909322,3905172,4199857,3989898,3875157,3777753,4249840,3900111,4257120,4121685,4127433,3910412,3831361,3802368,4053774,3999048,4230201,3915819,3951455,4123091,4258776,3888617,4453692,4092788,3928114,0,0,0,0,0,0,0,0,0,0,0,0,0,0,0,0,0,0,0,0,0,0,0,0,0,0,0,0,0,0,0,0,0,0,0,124,0,0,0,0,0,0,0,0,0,0,0,0,0,0,0,0,0,24,0,0,0,0,0,0,0,0,0,0,3,0,0,0,0,0,0,0,0,0,0,0,0,0,0,0,0,0,0,0,0,0,0,0,43,0,0,238,0,0,0,0,0,0,0,0,0,0,0,0,0,0,0,0,0,0,0,35
1772305823.498093,28189472,53408267,49988420,50527163,52355970,53842383,50530105,51466650,53297887,53233881,52331724,54779357,50889289,52481842,50345741,50228651,48320788,50206751,48262005,47618002,47036862,46430966,45655948,49196718,46876935,46958402,46544318,44389622,47617162,46544003,47070330,5835631,4091032,3791172,3726405,3978576,3944921,3900696,3846328,3970287,4242334,4274961,3814733,3740626,3783276,3905561,4105946,4134685,3677087,3759079,3857182,4066485,4250087,3527840,4045170,4220032,4309492,3894801,4292161,3943945,4264731,4178594,3765196,3856359,4163889,4225167,4172675,3960884,4213380,4327063,3916089,3984692,4171741,4253072,4329062,4508965,4138271,3823262,3808500,4140406,4043689,4100365,4666613,4161251,3937681,3992830,4204998,3909322,3905172,4199857,3989898,3875157,3777753,4249840,3900111,4257120,4121685,4127433,3910412,3831361,3802368,4053774,3999048,4230201,3915819,3951455,4123091,4258776,3888617,4453692,4092788,3928114,0,0,0,0,0,0,0,0,0,0,0,0,0,0,0,0,0,0,0,0,0,0,0,0,0,0,0,0,0,0,0,0,0,0,0,124,0,0,0,0,0,0,0,0,0,0,0,0,0,0,0,0,0,24,0,0,0,0,0,0,0,0,0,0,3,0,0,0,0,0,0,0,0,0,0,0,0,0,0,0,0,0,0,0,0,0,0,0,43,0,0,238,0,0,0,0,0,0,0,0,0,0,0,0,0,0,0,0,0,0,0,35
1772305824.549762,28204863,53449351,50022181,50562704,52397207,53883571,50565651,51501718,53339447,53277195,52371335,54823320,50929928,52520951,50379482,50263957,48360408,50247949,48296642,47656529,47075836,46465909,45686656,49237130,46919084,46996811,46585470,44421400,47656414,46582272,47095135,5835631,4091032,3791172,3726405,3978576,3944921,3900696,3846328,3970287,4242334,4274961,3814733,3740626,3783276,3905561,4105946,4134685,3677087,3759079,3857182,4066485,4250087,3527840,4045170,4220032,4309492,3894801,4292161,3943945,4264731,4178594,3765196,3856359,4163889,4225167,4172675,3960884,4213380,4327063,3916089,3984692,4171741,4253072,4329062,4508965,4138271,3823262,3808500,4140406,4043689,4100365,4666613,4161251,3937681,3992830,4204998,3909322,3905172,4199857,3989898,3875157,3777753,4249840,3900111,4257120,4121685,4127433,3910412,3831361,3802368,4053774,3999048,4230201,3915819,3951455,4123091,4258776,3888617,4453692,4092788,3928114,0,0,0,0,0,0,0,0,0,0,0,0,0,0,0,0,0,0,0,0,0,0,0,0,0,0,0,0,0,0,0,0,0,0,0,124,0,0,0,0,0,0,0,0,0,0,0,0,0,0,0,0,0,24,0,0,0,0,0,0,0,0,0,0,3,0,0,0,0,0,0,0,0,0,0,0,0,0,0,0,0,0,0,0,0,0,0,0,43,0,0,238,0,0,0,0,0,0,0,0,0,0,0,0,0,0,0,0,0,0,0,35
1772305825.599979,28220436,53490939,50056174,50598550,52438629,53925175,50601371,51536959,53381261,53321028,52411015,54867788,50970749,52560450,50413365,50299321,48399937,50289790,48331014,47695262,47115341,46501176,45717046,49277592,46961311,47035559,46627103,44453254,47695844,46620820,47119571,5835631,4091032,3791172,3726405,3978576,3944921,3900696,3846328,3970287,4242334,4274961,3814733,3740626,3783276,3905561,4105946,4134685,3677087,3759079,3857182,4066485,4250087,3527840,4045170,4220032,4309492,3894801,4292161,3943945,4264731,4178594,3765196,3856359,4163889,4225167,4172675,3960884,4213380,4327063,3916089,3984692,4171741,4253072,4329062,4508965,4138271,3823262,3808500,4140406,4043689,4100365,4666613,4161251,3937681,3992830,4204998,3909322,3905172,4199857,3989898,3875157,3777753,4249840,3900111,4257120,4121685,4127433,3910412,3831361,3802368,4053774,3999048,4230201,3915819,3951455,4123091,4258776,3888617,4453692,4092788,3928114,0,0,0,0,0,0,0,0,0,0,0,0,0,0,0,0,0,0,0,0,0,0,0,0,0,0,0,0,0,0,0,0,0,0,0,124,0,0,0,0,0,0,0,0,0,0,0,0,0,0,0,0,0,24,0,0,0,0,0,0,0,0,0,0,3,0,0,0,0,0,0,0,0,0,0,0,0,0,0,0,0,0,0,0,0,0,0,0,43,0,0,238,0,0,0,0,0,0,0,0,0,0,0,0,0,0,0,0,0,0,0,35
1772305826.649982,28238300,53538243,50095146,50639874,52486167,53973183,50641969,51577113,53430437,53372124,52456384,54918733,51017322,52605684,50452582,50339709,48445924,50337964,48370787,47739442,47160596,46541263,45751965,49324366,47010253,47080409,46674921,44489810,47741353,46665380,47147919,5835631,4091032,3791172,3726405,3978576,3944921,3900696,3846328,3970287,4242334,4274961,3814733,3740626,3783276,3905561,4105946,4134685,3677087,3759079,3857182,4066485,4250087,3527840,4045170,4220032,4309492,3894801,4292161,3943945,4264731,4178594,3765196,3856359,4163889,4225167,4172675,3960884,4213380,4327063,3916089,3984692,4171741,4253072,4329062,4508965,4138271,3823262,3808500,4140406,4043689,4100365,4666613,4161251,3937681,3992830,4204998,3909322,3905172,4199857,3989898,3875157,3777753,4249840,3900111,4257120,4121685,4127433,3910412,3831361,3802368,4053774,3999048,4230201,3915819,3951455,4123091,4258776,3888617,4453692,4092788,3928114,0,0,0,0,0,0,0,0,0,0,0,0,0,0,0,0,0,0,0,0,0,0,0,0,0,0,0,0,0,0,0,0,0,0,0,124,0,0,0,0,0,0,0,0,0,0,0,0,0,0,0,0,0,24,0,0,0,0,0,0,0,0,0,0,3,0,0,0,0,0,0,0,0,0,0,0,0,0,0,0,0,0,0,0,0,0,0,0,43,0,0,238,0,0,0,0,0,0,0,0,0,0,0,0,0,0,0,0,0,0,0,35
1772305827.699818,28258939,53593966,50140967,50688136,52542420,54030204,50689609,51623812,53489452,53433930,52510055,54978818,51072527,52659128,50499001,50387993,48500776,50395407,48416830,47791520,47214398,46588187,45793452,49379743,47068008,47133556,46731610,44533471,47795248,46718223,47180868,5835631,4091032,3791172,3726405,3978576,3944921,3900696,3846328,3970287,4242334,4274961,3814733,3740626,3783276,3905561,4105946,4134685,3677087,3759079,3857182,4066485,4250087,3527840,4045170,4220032,4309492,3894801,4292161,3943945,4264731,4178594,3765196,3856359,4163889,4225167,4172675,3960884,4213380,4327063,3916089,3984692,4171741,4253072,4329062,4508965,4138271,3823262,3808500,4140406,4043689,4100365,4666613,4161251,3937681,3992830,4204998,3909322,3905172,4199857,3989898,3875157,3777753,4249840,3900111,4257120,4121685,4127433,3910412,3831361,3802368,4053774,3999048,4230201,3915819,3951455,4123091,4258776,3888617,4453692,4092788,3928114,0,0,0,0,0,0,0,0,0,0,0,0,0,0,0,0,0,0,0,0,0,0,0,0,0,0,0,0,0,0,0,0,0,0,0,124,0,0,0,0,0,0,0,0,0,0,0,0,0,0,0,0,0,24,0,0,0,0,0,0,0,0,0,0,3,0,0,0,0,0,0,0,0,0,0,0,0,0,0,0,0,0,0,0,0,0,0,0,43,0,0,238,0,0,0,0,0,0,0,0,0,0,0,0,0,0,0,0,0,0,0,35
1772305828.749598,28279752,53649983,50187051,50736991,52599028,54087467,50737535,51670937,53549382,53496159,52564079,55039657,51127877,52713466,50545895,50436169,48555804,50453446,48463006,47844006,47268452,46635671,45834870,49435572,47126357,47187214,46788441,44577360,47849779,46771385,47214042,5835631,4091032,3791172,3726405,3978576,3944921,3900696,3846328,3970287,4242334,4274961,3814733,3740626,3783276,3905561,4105946,4134685,3677087,3759079,3857182,4066485,4250087,3527840,4045170,4220032,4309492,3894801,4292161,3943945,4264731,4178594,3765196,3856359,4163889,4225167,4172675,3960884,4213380,4327063,3916089,3984692,4171741,4253072,4329062,4508965,4138271,3823262,3808500,4140406,4043689,4100365,4666613,4161251,3937681,3992830,4204998,3909322,3905172,4199857,3989898,3875157,3777753,4249840,3900111,4257120,4121685,4127433,3910412,3831361,3802368,4053774,3999048,4230201,3915819,3951455,4123091,4258776,3888617,4453692,4092788,3928114,0,0,0,0,0,0,0,0,0,0,0,0,0,0,0,0,0,0,0,0,0,0,0,0,0,0,0,0,0,0,0,0,0,0,0,124,0,0,0,0,0,0,0,0,0,0,0,0,0,0,0,0,0,24,0,0,0,0,0,0,0,0,0,0,3,0,0,0,0,0,0,0,0,0,0,0,0,0,0,0,0,0,0,0,0,0,0,0,43,0,0,238,0,0,0,0,0,0,0,0,0,0,0,0,0,0,0,0,0,0,0,35
1772305829.799491,28300458,53705729,50232895,50785788,52655616,54144229,50784976,51718021,53608887,53558059,52618178,55100222,51183239,52767102,50592698,50484484,48610359,50510424,48509361,47896162,47322115,46682811,45876356,49491320,47184270,47240931,46845067,44620780,47903893,46824325,47247177,5835631,4091032,3791172,3726405,3978576,3944921,3900696,3846328,3970287,4242334,4274961,3814733,3740626,3783276,3905561,4105946,4134685,3677087,3759079,3857182,4066485,4250087,3527840,4045170,4220032,4309492,3894801,4292161,3943945,4264731,4178594,3765196,3856359,4163889,4225167,4172675,3960884,4213380,4327063,3916089,3984692,4171741,4253072,4329062,4508965,4138271,3823262,3808500,4140406,4043689,4100365,4666613,4161251,3937681,3992830,4204998,3909322,3905172,4199857,3989898,3875157,3777753,4249840,3900111,4257120,4121685,4127433,3910412,3831361,3802368,4053774,3999048,4230201,3915819,3951455,4123091,4258776,3888617,4453692,4092788,3928114,0,0,0,0,0,0,0,0,0,0,0,0,0,0,0,0,0,0,0,0,0,0,0,0,0,0,0,0,0,0,0,0,0,0,0,124,0,0,0,0,0,0,0,0,0,0,0,0,0,0,0,0,0,24,0,0,0,0,0,0,0,0,0,0,3,0,0,0,0,0,0,0,0,0,0,0,0,0,0,0,0,0,0,0,0,0,0,0,43,0,0,238,0,0,0,0,0,0,0,0,0,0,0,0,0,0,0,0,0,0,0,35
1772305830.848688,28321099,53761220,50278750,50834658,52711834,54200986,50833113,51765273,53667902,53620035,52672366,55160567,51238433,52821058,50639282,50533152,48664960,50567493,48555458,47948746,47375720,46729739,45917825,49547025,47242308,47294412,46902083,44664310,47958015,46877419,47280378,5835631,4091032,3791172,3726405,3978576,3944921,3900696,3846328,3970287,4242334,4274961,3814733,3740626,3783276,3905561,4105946,4134685,3677087,3759079,3857182,4066485,4250087,3527840,4045170,4220032,4309492,3894801,4292161,3943945,4264731,4178594,3765196,3856359,4163889,4225167,4172675,3960884,4213380,4327063,3916089,3984692,4171741,4253072,4329062,4508965,4138271,3823262,3808500,4140406,4043689,4100365,4666613,4161251,3937681,3992830,4204998,3909322,3905172,4199857,3989898,3875157,3777753,4249840,3900111,4257120,4121685,4127433,3910412,3831361,3802368,4053774,3999048,4230201,3915819,3951455,4123091,4258776,3888617,4453692,4092788,3928114,0,0,0,0,0,0,0,0,0,0,0,0,0,0,0,0,0,0,0,0,0,0,0,0,0,0,0,0,0,0,0,0,0,0,0,124,0,0,0,0,0,0,0,0,0,0,0,0,0,0,0,0,0,24,0,0,0,0,0,0,0,0,0,0,3,0,0,0,0,0,0,0,0,0,0,0,0,0,0,0,0,0,0,0,0,0,0,0,43,0,0,238,0,0,0,0,0,0,0,0,0,0,0,0,0,0,0,0,0,0,0,35
1772305831.898520,28341484,53816915,50324697,50883285,52767776,54258150,50880821,51812061,53727278,53681721,52726148,55220863,51293632,52874919,50685545,50581300,48719329,50624700,48601626,48000743,47429080,46776691,45959386,49602616,47300319,47347737,46958738,44707930,48011860,46929984,47313131,5835631,4091032,3791172,3726405,3978576,3944921,3900696,3846328,3970287,4242334,4274961,3814733,3740626,3783276,3905561,4105946,4134685,3677087,3759079,3857182,4066485,4250087,3527840,4045170,4220032,4309492,3894801,4292161,3943945,4264731,4178594,3765196,3856359,4163889,4225167,4172675,3960884,4213380,4327063,3916089,3984692,4171741,4253072,4329062,4508965,4138271,3823262,3808500,4140406,4043689,4100365,4666613,4161251,3937681,3992830,4204998,3909322,3905172,4199857,3989898,3875157,3777753,4249840,3900111,4257120,4121685,4127433,3910412,3831361,3802368,4053774,3999048,4230201,3915819,3951455,4123091,4258776,3888617,4453692,4092788,3928114,0,0,0,0,0,0,0,0,0,0,0,0,0,0,0,0,0,0,0,0,0,0,0,0,0,0,0,0,0,0,0,0,0,0,0,124,0,0,0,0,0,0,0,0,0,0,0,0,0,0,0,0,0,24,0,0,0,0,0,0,0,0,0,0,3,0,0,0,0,0,0,0,0,0,0,0,0,0,0,0,0,0,0,0,0,0,0,0,43,0,0,238,0,0,0,0,0,0,0,0,0,0,0,0,0,0,0,0,0,0,0,35
1772305832.948060,28362099,53872288,50370404,50931592,52823937,54314533,50928081,51859046,53786438,53743305,52779752,55281058,51348698,52928271,50731707,50629614,48773901,50681788,48647738,48052513,47482225,46823560,46000605,49658036,47358172,47400838,47014931,44751167,48065622,46982339,47345769,5835631,4091032,3791172,3726405,3978576,3944921,3900696,3846328,3970287,4242334,4274961,3814733,3740626,3783276,3905561,4105946,4134685,3677087,3759079,3857182,4066485,4250087,3527840,4045170,4220032,4309492,3894801,4292161,3943945,4264731,4178594,3765196,3856359,4163889,4225167,4172675,3960884,4213380,4327063,3916089,3984692,4171741,4253072,4329062,4508965,4138271,3823262,3808500,4140406,4043689,4100365,4666613,4161251,3937681,3992830,4204998,3909322,3905172,4199857,3989898,3875157,3777753,4249840,3900111,4257120,4121685,4127433,3910412,3831361,3802368,4053774,3999048,4230201,3915819,3951455,4123091,4258776,3888617,4453692,4092788,3928114,0,0,0,0,0,0,0,0,0,0,0,0,0,0,0,0,0,0,0,0,0,0,0,0,0,0,0,0,0,0,0,0,0,0,0,124,0,0,0,0,0,0,0,0,0,0,0,0,0,0,0,0,0,24,0,0,0,0,0,0,0,0,0,0,3,0,0,0,0,0,0,0,0,0,0,0,0,0,0,0,0,0,0,0,0,0,0,0,43,0,0,238,0,0,0,0,0,0,0,0,0,0,0,0,0,0,0,0,0,0,0,35
1772305833.997278,28382799,53928194,50416662,50980595,52880397,54371796,50975749,51906213,53845716,53805246,52833758,55341725,51404053,52981830,50778311,50678061,48828781,50739110,48693983,48104906,47535717,46870850,46042226,49713851,47416239,47454447,47071485,44794659,48120162,47035397,47378687,5835631,4091032,3791172,3726405,3978576,3944921,3900696,3846328,3970287,4242334,4274961,3814733,3740626,3783276,3905561,4105946,4134685,3677087,3759079,3857182,4066485,4250087,3527840,4045170,4220032,4309492,3894801,4292161,3943945,4264731,4178594,3765196,3856359,4163889,4225167,4172675,3960884,4213380,4327063,3916089,3984692,4171741,4253072,4329062,4508965,4138271,3823262,3808500,4140406,4043689,4100365,4666613,4161251,3937681,3992830,4204998,3909322,3905172,4199857,3989898,3875157,3777753,4249840,3900111,4257120,4121685,4127433,3910412,3831361,3802368,4053774,3999048,4230201,3915819,3951455,4123091,4258776,3888617,4453692,4092788,3928114,0,0,0,0,0,0,0,0,0,0,0,0,0,0,0,0,0,0,0,0,0,0,0,0,0,0,0,0,0,0,0,0,0,0,0,124,0,0,0,0,0,0,0,0,0,0,0,0,0,0,0,0,0,24,0,0,0,0,0,0,0,0,0,0,3,0,0,0,0,0,0,0,0,0,0,0,0,0,0,0,0,0,0,0,0,0,0,0,43,0,0,238,0,0,0,0,0,0,0,0,0,0,0,0,0,0,0,0,0,0,0,35
1772305835.046425,28403483,53983669,50462828,51028869,52936779,54428757,51023614,51953347,53905190,53867189,52887814,55402170,51459015,53035487,50824520,50726446,48883418,50796673,48740314,48157202,47589172,46918239,46083608,49769504,47474381,47508025,47128133,44838301,48174299,47088543,47411825,5835631,4091032,3791172,3726405,3978576,3944921,3900696,3846328,3970287,4242334,4274961,3814733,3740626,3783276,3905561,4105946,4134685,3677087,3759079,3857182,4066485,4250087,3527840,4045170,4220032,4309492,3894801,4292161,3943945,4264731,4178594,3765196,3856359,4163889,4225167,4172675,3960884,4213380,4327063,3916089,3984692,4171741,4253072,4329062,4508965,4138271,3823262,3808500,4140406,4043689,4100365,4666613,4161251,3937681,3992830,4204998,3909322,3905172,4199857,3989898,3875157,3777753,4249840,3900111,4257120,4121685,4127433,3910412,3831361,3802368,4053774,3999048,4230201,3915819,3951455,4123091,4258776,3888617,4453692,4092788,3928114,0,0,0,0,0,0,0,0,0,0,0,0,0,0,0,0,0,0,0,0,0,0,0,0,0,0,0,0,0,0,0,0,0,0,0,124,0,0,0,0,0,0,0,0,0,0,0,0,0,0,0,0,0,24,0,0,0,0,0,0,0,0,0,0,3,0,0,0,0,0,0,0,0,0,0,0,0,0,0,0,0,0,0,0,0,0,0,0,43,0,0,238,0,0,0,0,0,0,0,0,0,0,0,0,0,0,0,0,0,0,0,35
1772305836.095687,28423907,54038894,50508416,51076971,52992664,54485172,51070969,52000154,53964010,53928430,52941331,55462242,51513923,53088959,50870488,50774039,48937593,50853509,48786202,48208880,47642714,46965108,46124847,49824643,47532054,47561045,47184248,44881707,48228084,47141438,47444447,5835631,4091032,3791172,3726405,3978576,3944921,3900696,3846328,3970287,4242334,4274961,3814733,3740626,3783276,3905561,4105946,4134685,3677087,3759079,3857182,4066485,4250087,3527840,4045170,4220032,4309492,3894801,4292161,3943945,4264731,4178594,3765196,3856359,4163889,4225167,4172675,3960884,4213380,4327063,3916089,3984692,4171741,4253072,4329062,4508965,4138271,3823262,3808500,4140406,4043689,4100365,4666613,4161251,3937681,3992830,4204998,3909322,3905172,4199857,3989898,3875157,3777753,4249840,3900111,4257120,4121685,4127433,3910412,3831361,3802368,4053774,3999048,4230201,3915819,3951455,4123091,4258776,3888617,4453692,4092788,3928114,0,0,0,0,0,0,0,0,0,0,0,0,0,0,0,0,0,0,0,0,0,0,0,0,0,0,0,0,0,0,0,0,0,0,0,124,0,0,0,0,0,0,0,0,0,0,0,0,0,0,0,0,0,24,0,0,0,0,0,0,0,0,0,0,3,0,0,0,0,0,0,0,0,0,0,0,0,0,0,0,0,0,0,0,0,0,0,0,43,0,0,238,0,0,0,0,0,0,0,0,0,0,0,0,0,0,0,0,0,0,0,35
1772305837.144932,28444489,54094385,50554443,51125512,53048816,54541775,51118701,52047152,54023132,53990215,52995245,55522585,51569266,53142914,50916818,50822119,48992026,50910673,48832685,48260862,47696399,47012195,46166347,49880224,47590311,47614549,47240755,44925341,48282113,47194377,47477461,5835631,4091032,3791172,3726405,3978576,3944921,3900696,3846328,3970287,4242334,4274961,3814733,3740626,3783276,3905561,4105946,4134685,3677087,3759079,3857182,4066485,4250087,3527840,4045170,4220032,4309492,3894801,4292161,3943945,4264731,4178594,3765196,3856359,4163889,4225167,4172675,3960884,4213380,4327063,3916089,3984692,4171741,4253072,4329062,4508965,4138271,3823262,3808500,4140406,4043689,4100365,4666613,4161251,3937681,3992830,4204998,3909322,3905172,4199857,3989898,3875157,3777753,4249840,3900111,4257120,4121685,4127433,3910412,3831361,3802368,4053774,3999048,4230201,3915819,3951455,4123091,4258776,3888617,4453692,4092788,3928114,0,0,0,0,0,0,0,0,0,0,0,0,0,0,0,0,0,0,0,0,0,0,0,0,0,0,0,0,0,0,0,0,0,0,0,124,0,0,0,0,0,0,0,0,0,0,0,0,0,0,0,0,0,24,0,0,0,0,0,0,0,0,0,0,3,0,0,0,0,0,0,0,0,0,0,0,0,0,0,0,0,0,0,0,0,0,0,0,43,0,0,238,0,0,0,0,0,0,0,0,0,0,0,0,0,0,0,0,0,0,0,35
1772305838.194461,28465031,54149608,50600158,51173661,53104735,54598422,51165939,52093655,54081987,54051649,53048799,55582504,51624248,53196235,50963172,50869834,49046337,50967346,48878771,48312712,47749496,47059004,46207387,49935460,47648221,47667520,47296745,44968618,48335637,47247315,47510154,5835631,4091032,3791172,3726405,3978576,3944921,3900696,3846328,3970287,4242334,4274961,3814733,3740626,3783276,3905561,4105946,4134685,3677087,3759079,3857182,4066485,4250087,3527840,4045170,4220032,4309492,3894801,4292161,3943945,4264731,4178594,3765196,3856359,4163889,4225167,4172675,3960884,4213380,4327063,3916089,3984692,4171741,4253072,4329062,4508965,4138271,3823262,3808500,4140406,4043689,4100365,4666613,4161251,3937681,3992830,4204998,3909322,3905172,4199857,3989898,3875157,3777753,4249840,3900111,4257120,4121685,4127433,3910412,3831361,3802368,4053774,3999048,4230201,3915819,3951455,4123091,4258776,3888617,4453692,4092788,3928114,0,0,0,0,0,0,0,0,0,0,0,0,0,0,0,0,0,0,0,0,0,0,0,0,0,0,0,0,0,0,0,0,0,0,0,124,0,0,0,0,0,0,0,0,0,0,0,0,0,0,0,0,0,24,0,0,0,0,0,0,0,0,0,0,3,0,0,0,0,0,0,0,0,0,0,0,0,0,0,0,0,0,0,0,0,0,0,0,43,0,0,238,0,0,0,0,0,0,0,0,0,0,0,0,0,0,0,0,0,0,0,35
1772305839.244856,28485837,54205098,50646284,51222130,53160864,54655400,51213475,52140709,54141098,54113310,53102894,55642419,51679561,53249857,51009431,50918068,49100873,51024394,48924847,48364930,47802952,47105957,46248644,49991084,47706279,47720741,47353473,45012007,48389637,47300649,47543088,5835631,4091032,3791172,3726405,3978576,3944921,3900696,3846328,3970287,4242334,4274961,3814733,3740626,3783276,3905561,4105946,4134685,3677087,3759079,3857182,4066485,4250087,3527840,4045170,4220032,4309492,3894801,4292161,3943945,4264731,4178594,3765196,3856359,4163889,4225167,4172675,3960884,4213380,4327063,3916089,3984692,4171741,4253072,4329062,4508965,4138271,3823262,3808500,4140406,4043689,4100365,4666613,4161251,3937681,3992830,4204998,3909322,3905172,4199857,3989898,3875157,3777753,4249840,3900111,4257120,4121685,4127433,3910412,3831361,3802368,4053774,3999048,4230201,3915819,3951455,4123091,4258776,3888617,4453692,4092788,3928114,0,0,0,0,0,0,0,0,0,0,0,0,0,0,0,0,0,0,0,0,0,0,0,0,0,0,0,0,0,0,0,0,0,0,0,124,0,0,0,0,0,0,0,0,0,0,0,0,0,0,0,0,0,24,0,0,0,0,0,0,0,0,0,0,3,0,0,0,0,0,0,0,0,0,0,0,0,0,0,0,0,0,0,0,0,0,0,0,43,0,0,238,0,0,0,0,0,0,0,0,0,0,0,0,0,0,0,0,0,0,0,35
1772305840.293431,28506463,54261138,50692870,51271006,53217689,54712684,51261149,52187759,54200606,54175065,53157422,55703044,51735151,53303731,51056199,50966824,49155750,51081924,48971393,48417389,47856862,47153039,46290488,50046748,47764614,47774399,47410081,45055514,48443929,47354129,47576191,5835631,4091032,3791172,3726405,3978576,3944921,3900696,3846328,3970287,4242334,4274961,3814733,3740626,3783276,3905561,4105946,4134685,3677087,3759079,3857182,4066485,4250087,3527840,4045170,4220032,4309492,3894801,4292161,3943945,4264731,4178594,3765196,3856359,4163889,4225167,4172675,3960884,4213380,4327063,3916089,3984692,4171741,4253072,4329062,4508965,4138271,3823262,3808500,4140406,4043689,4100365,4666613,4161251,3937681,3992830,4204998,3909322,3905172,4199857,3989898,3875157,3777753,4249840,3900111,4257120,4121685,4127433,3910412,3831361,3802368,4053774,3999048,4230201,3915819,3951455,4123091,4258776,3888617,4453692,4092788,3928114,0,0,0,0,0,0,0,0,0,0,0,0,0,0,0,0,0,0,0,0,0,0,0,0,0,0,0,0,0,0,0,0,0,0,0,124,0,0,0,0,0,0,0,0,0,0,0,0,0,0,0,0,0,24,0,0,0,0,0,0,0,0,0,0,3,0,0,0,0,0,0,0,0,0,0,0,0,0,0,0,0,0,0,0,0,0,0,0,43,0,0,238,0,0,0,0,0,0,0,0,0,0,0,0,0,0,0,0,0,0,0,35
1772305841.342001,28526992,54316554,50738937,51319454,53273925,54769533,51308752,52234707,54260012,54236611,53211403,55763288,51790448,53357362,51102662,51015292,49210447,51139118,49017510,48469244,47910267,47200205,46331738,50101873,47822569,47827885,47466521,45098863,48498166,47407175,47609050,5835631,4091032,3791172,3726405,3978576,3944921,3900696,3846328,3970287,4242334,4274961,3814733,3740626,3783276,3905561,4105946,4134685,3677087,3759079,3857182,4066485,4250087,3527840,4045170,4220032,4309492,3894801,4292161,3943945,4264731,4178594,3765196,3856359,4163889,4225167,4172675,3960884,4213380,4327063,3916089,3984692,4171741,4253072,4329062,4508965,4138271,3823262,3808500,4140406,4043689,4100365,4666613,4161251,3937681,3992830,4204998,3909322,3905172,4199857,3989898,3875157,3777753,4249840,3900111,4257120,4121685,4127433,3910412,3831361,3802368,4053774,3999048,4230201,3915819,3951455,4123091,4258776,3888617,4453692,4092788,3928114,0,0,0,0,0,0,0,0,0,0,0,0,0,0,0,0,0,0,0,0,0,0,0,0,0,0,0,0,0,0,0,0,0,0,0,124,0,0,0,0,0,0,0,0,0,0,0,0,0,0,0,0,0,24,0,0,0,0,0,0,0,0,0,0,3,0,0,0,0,0,0,0,0,0,0,0,0,0,0,0,0,0,0,0,0,0,0,0,43,0,0,238,0,0,0,0,0,0,0,0,0,0,0,0,0,0,0,0,0,0,0,35
1772305842.392293,28547653,54372638,50784941,51368263,53330427,54826514,51356694,52281922,54319536,54298924,53265595,55823788,51845955,53411205,51149155,51063627,49265412,51196826,49063687,48521737,47964163,47247298,46373219,50157772,47881071,47881435,47523334,45142660,48552652,47460249,47641972,5835631,4091032,3791172,3726405,3978576,3944921,3900696,3846328,3970287,4242334,4274961,3814733,3740626,3783276,3905561,4105946,4134685,3677087,3759079,3857182,4066485,4250087,3527840,4045170,4220032,4309492,3894801,4292161,3943945,4264731,4178594,3765196,3856359,4163889,4225167,4172675,3960884,4213380,4327063,3916089,3984692,4171741,4253072,4329062,4508965,4138271,3823262,3808500,4140406,4043689,4100365,4666613,4161251,3937681,3992830,4204998,3909322,3905172,4199857,3989898,3875157,3777753,4249840,3900111,4257120,4121685,4127433,3910412,3831361,3802368,4053774,3999048,4230201,3915819,3951455,4123091,4258776,3888617,4453692,4092788,3928114,0,0,0,0,0,0,0,0,0,0,0,0,0,0,0,0,0,0,0,0,0,0,0,0,0,0,0,0,0,0,0,0,0,0,0,124,0,0,0,0,0,0,0,0,0,0,0,0,0,0,0,0,0,24,0,0,0,0,0,0,0,0,0,0,3,0,0,0,0,0,0,0,0,0,0,0,0,0,0,0,0,0,0,0,0,0,0,0,43,0,0,238,0,0,0,0,0,0,0,0,0,0,0,0,0,0,0,0,0,0,0,35
1772305843.442168,28568144,54428154,50830823,51416754,53386586,54882939,51404375,52328879,54378306,54360488,53319305,55883992,51901083,53464413,51195496,51111613,49319703,51253987,49109407,48573578,48017518,47294073,46414293,50213117,47938725,47934563,47579830,45185920,48606548,47512943,47674843,5835631,4091032,3791172,3726405,3978576,3944921,3900696,3846328,3970287,4242334,4274961,3814733,3740626,3783276,3905561,4105946,4134685,3677087,3759079,3857182,4066485,4250087,3527840,4045170,4220032,4309492,3894801,4292161,3943945,4264731,4178594,3765196,3856359,4163889,4225167,4172675,3960884,4213380,4327063,3916089,3984692,4171741,4253072,4329062,4508965,4138271,3823262,3808500,4140406,4043689,4100365,4666613,4161251,3937681,3992830,4204998,3909322,3905172,4199857,3989898,3875157,3777753,4249840,3900111,4257120,4121685,4127433,3910412,3831361,3802368,4053774,3999048,4230201,3915819,3951455,4123091,4258776,3888617,4453692,4092788,3928114,0,0,0,0,0,0,0,0,0,0,0,0,0,0,0,0,0,0,0,0,0,0,0,0,0,0,0,0,0,0,0,0,0,0,0,124,0,0,0,0,0,0,0,0,0,0,0,0,0,0,0,0,0,24,0,0,0,0,0,0,0,0,0,0,3,0,0,0,0,0,0,0,0,0,0,0,0,0,0,0,0,0,0,0,0,0,0,0,43,0,0,238,0,0,0,0,0,0,0,0,0,0,0,0,0,0,0,0,0,0,0,35
1772305844.491792,28588809,54484057,50877032,51465442,53443154,54939819,51452433,52376263,54437827,54422509,53373088,55944369,51956425,53518332,51242058,51159845,49374587,51311413,49155733,48625645,48070873,47341027,46455911,50268786,47996844,47988475,47636662,45229540,48660625,47566021,47707867,5835631,4091032,3791172,3726405,3978576,3944921,3900696,3846328,3970287,4242334,4274961,3814733,3740626,3783276,3905561,4105946,4134685,3677087,3759079,3857182,4066485,4250087,3527840,4045170,4220032,4309492,3894801,4292161,3943945,4264731,4178594,3765196,3856359,4163889,4225167,4172675,3960884,4213380,4327063,3916089,3984692,4171741,4253072,4329062,4508965,4138271,3823262,3808500,4140406,4043689,4100365,4666613,4161251,3937681,3992830,4204998,3909322,3905172,4199857,3989898,3875157,3777753,4249840,3900111,4257120,4121685,4127433,3910412,3831361,3802368,4053774,3999048,4230201,3915819,3951455,4123091,4258776,3888617,4453692,4092788,3928114,0,0,0,0,0,0,0,0,0,0,0,0,0,0,0,0,0,0,0,0,0,0,0,0,0,0,0,0,0,0,0,0,0,0,0,124,0,0,0,0,0,0,0,0,0,0,0,0,0,0,0,0,0,24,0,0,0,0,0,0,0,0,0,0,3,0,0,0,0,0,0,0,0,0,0,0,0,0,0,0,0,0,0,0,0,0,0,0,43,0,0,238,0,0,0,0,0,0,0,0,0,0,0,0,0,0,0,0,0,0,0,35
1772305845.541817,28609593,54539964,50923729,51514163,53499998,54996980,51500517,52423644,54497769,54484738,53427545,56004988,52012027,53572514,51289226,51208440,49429873,51369126,49202230,48678394,48124753,47388390,46497563,50324957,48055261,48042108,47693820,45273064,48715193,47619725,47740923,5835631,4091032,3791172,3726405,3978576,3944921,3900696,3846328,3970287,4242334,4274961,3814733,3740626,3783276,3905561,4105946,4134685,3677087,3759079,3857182,4066485,4250087,3527840,4045170,4220032,4309492,3894801,4292161,3943945,4264731,4178594,3765196,3856359,4163889,4225167,4172675,3960884,4213380,4327063,3916089,3984692,4171741,4253072,4329062,4508965,4138271,3823262,3808500,4140406,4043689,4100365,4666613,4161251,3937681,3992830,4204998,3909322,3905172,4199857,3989898,3875157,3777753,4249840,3900111,4257120,4121685,4127433,3910412,3831361,3802368,4053774,3999048,4230201,3915819,3951455,4123091,4258776,3888617,4453692,4092788,3928114,0,0,0,0,0,0,0,0,0,0,0,0,0,0,0,0,0,0,0,0,0,0,0,0,0,0,0,0,0,0,0,0,0,0,0,124,0,0,0,0,0,0,0,0,0,0,0,0,0,0,0,0,0,24,0,0,0,0,0,0,0,0,0,0,3,0,0,0,0,0,0,0,0,0,0,0,0,0,0,0,0,0,0,0,0,0,0,0,43,0,0,238,0,0,0,0,0,0,0,0,0,0,0,0,0,0,0,0,0,0,0,35
1772305846.592125,28630185,54595244,50969757,51562700,53556334,55053771,51548136,52470588,54557014,54546314,53481299,56065105,52066995,53625977,51335731,51256350,49484423,51426550,49247886,48730672,48178335,47435385,46538949,50380322,48112901,48095454,47750421,45316100,48769296,47672741,47773784,5835631,4091032,3791172,3726405,3978576,3944921,3900696,3846328,3970287,4242334,4274961,3814733,3740626,3783276,3905561,4105946,4134685,3677087,3759079,3857182,4066485,4250087,3527840,4045170,4220032,4309492,3894801,4292161,3943945,4264731,4178594,3765196,3856359,4163889,4225167,4172675,3960884,4213380,4327063,3916089,3984692,4171741,4253072,4329062,4508965,4138271,3823262,3808500,4140406,4043689,4100365,4666613,4161251,3937681,3992830,4204998,3909322,3905172,4199857,3989898,3875157,3777753,4249840,3900111,4257120,4121685,4127433,3910412,3831361,3802368,4053774,3999048,4230201,3915819,3951455,4123091,4258776,3888617,4453692,4092788,3928114,0,0,0,0,0,0,0,0,0,0,0,0,0,0,0,0,0,0,0,0,0,0,0,0,0,0,0,0,0,0,0,0,0,0,0,124,0,0,0,0,0,0,0,0,0,0,0,0,0,0,0,0,0,24,0,0,0,0,0,0,0,0,0,0,3,0,0,0,0,0,0,0,0,0,0,0,0,0,0,0,0,0,0,0,0,0,0,0,43,0,0,238,0,0,0,0,0,0,0,0,0,0,0,0,0,0,0,0,0,0,0,35
1772305847.642383,28651005,54651152,51015868,51611511,53612981,55110943,51595869,52517938,54616792,54608616,53535387,56125290,52122732,53680093,51382466,51304621,49539260,51484281,49294159,48783108,48232029,47482717,46580551,50435879,48171482,48149060,47807397,45359701,48823917,47725672,47807049,5835631,4091032,3791172,3726405,3978576,3944921,3900696,3846328,3970287,4242334,4274961,3814733,3740626,3783276,3905561,4105946,4134685,3677087,3759079,3857182,4066485,4250087,3527840,4045170,4220032,4309492,3894801,4292161,3943945,4264731,4178594,3765196,3856359,4163889,4225167,4172675,3960884,4213380,4327063,3916089,3984692,4171741,4253072,4329062,4508965,4138271,3823262,3808500,4140406,4043689,4100365,4666613,4161251,3937681,3992830,4204998,3909322,3905172,4199857,3989898,3875157,3777753,4249840,3900111,4257120,4121685,4127433,3910412,3831361,3802368,4053774,3999048,4230201,3915819,3951455,4123091,4258776,3888617,4453692,4092788,3928114,0,0,0,0,0,0,0,0,0,0,0,0,0,0,0,0,0,0,0,0,0,0,0,0,0,0,0,0,0,0,0,0,0,0,0,124,0,0,0,0,0,0,0,0,0,0,0,0,0,0,0,0,0,24,0,0,0,0,0,0,0,0,0,0,3,0,0,0,0,0,0,0,0,0,0,0,0,0,0,0,0,0,0,0,0,0,0,0,43,0,0,238,0,0,0,0,0,0,0,0,0,0,0,0,0,0,0,0,0,0,0,35
1772305848.692068,28671778,54706330,51061595,51659743,53669026,55167625,51643380,52565020,54676307,54670073,53589233,56185600,52177827,53733776,51428771,51352688,49593616,51541463,49340311,48834827,48285730,47529716,46622131,50491398,48229351,48202504,47863766,45402954,48877792,47778514,47839835,5835631,4091032,3791172,3726405,3978576,3944921,3900696,3846328,3970287,4242334,4274961,3814733,3740626,3783276,3905561,4105946,4134685,3677087,3759079,3857182,4066485,4250087,3527840,4045170,4220032,4309492,3894801,4292161,3943945,4264731,4178594,3765196,3856359,4163889,4225167,4172675,3960884,4213380,4327063,3916089,3984692,4171741,4253072,4329062,4508965,4138271,3823262,3808500,4140406,4043689,4100365,4666613,4161251,3937681,3992830,4204998,3909322,3905172,4199857,3989898,3875157,3777753,4249840,3900111,4257120,4121685,4127433,3910412,3831361,3802368,4053774,3999048,4230201,3915819,3951455,4123091,4258776,3888617,4453692,4092788,3928114,0,0,0,0,0,0,0,0,0,0,0,0,0,0,0,0,0,0,0,0,0,0,0,0,0,0,0,0,0,0,0,0,0,0,0,124,0,0,0,0,0,0,0,0,0,0,0,0,0,0,0,0,0,24,0,0,0,0,0,0,0,0,0,0,3,0,0,0,0,0,0,0,0,0,0,0,0,0,0,0,0,0,0,0,0,0,0,0,43,0,0,238,0,0,0,0,0,0,0,0,0,0,0,0,0,0,0,0,0,0,0,35
1772305849.742471,28692275,54762091,51108048,51708604,53725653,55224887,51691140,52612371,54735900,54732431,53643085,56246351,52233313,53787656,51475258,51401498,49648832,51599226,49386835,48887491,48339682,47577149,46663632,50547414,48287771,48256162,47920816,45446349,48931890,47831704,47873006,5835631,4091032,3791172,3726405,3978576,3944921,3900696,3846328,3970287,4242334,4274961,3814733,3740626,3783276,3905561,4105946,4134685,3677087,3759079,3857182,4066485,4250087,3527840,4045170,4220032,4309492,3894801,4292161,3943945,4264731,4178594,3765196,3856359,4163889,4225167,4172675,3960884,4213380,4327063,3916089,3984692,4171741,4253072,4329062,4508965,4138271,3823262,3808500,4140406,4043689,4100365,4666613,4161251,3937681,3992830,4204998,3909322,3905172,4199857,3989898,3875157,3777753,4249840,3900111,4257120,4121685,4127433,3910412,3831361,3802368,4053774,3999048,4230201,3915819,3951455,4123091,4258776,3888617,4453692,4092788,3928114,0,0,0,0,0,0,0,0,0,0,0,0,0,0,0,0,0,0,0,0,0,0,0,0,0,0,0,0,0,0,0,0,0,0,0,124,0,0,0,0,0,0,0,0,0,0,0,0,0,0,0,0,0,24,0,0,0,0,0,0,0,0,0,0,3,0,0,0,0,0,0,0,0,0,0,0,0,0,0,0,0,0,0,0,0,0,0,0,43,0,0,238,0,0,0,0,0,0,0,0,0,0,0,0,0,0,0,0,0,0,0,35
1772305850.792810,28712887,54817832,51154172,51757034,53781701,55281844,51738830,52659472,54795617,54794530,53697058,56307189,52288679,53841452,51522300,51449990,49703616,51656793,49433059,48939631,48393126,47624782,46705005,50603378,48346054,48309646,47977575,45489971,48986182,47884756,47905930,5835631,4091032,3791172,3726405,3978576,3944921,3900696,3846328,3970287,4242334,4274961,3814733,3740626,3783276,3905561,4105946,4134685,3677087,3759079,3857182,4066485,4250087,3527840,4045170,4220032,4309492,3894801,4292161,3943945,4264731,4178594,3765196,3856359,4163889,4225167,4172675,3960884,4213380,4327063,3916089,3984692,4171741,4253072,4329062,4508965,4138271,3823262,3808500,4140406,4043689,4100365,4666613,4161251,3937681,3992830,4204998,3909322,3905172,4199857,3989898,3875157,3777753,4249840,3900111,4257120,4121685,4127433,3910412,3831361,3802368,4053774,3999048,4230201,3915819,3951455,4123091,4258776,3888617,4453692,4092788,3928114,0,0,0,0,0,0,0,0,0,0,0,0,0,0,0,0,0,0,0,0,0,0,0,0,0,0,0,0,0,0,0,0,0,0,0,124,0,0,0,0,0,0,0,0,0,0,0,0,0,0,0,0,0,24,0,0,0,0,0,0,0,0,0,0,3,0,0,0,0,0,0,0,0,0,0,0,0,0,0,0,0,0,0,0,0,0,0,0,43,0,0,238,0,0,0,0,0,0,0,0,0,0,0,0,0,0,0,0,0,0,0,35
1772305851.843102,28733569,54873179,51200296,51805565,53838193,55338407,51786897,52706745,54855050,54856543,53750816,56367777,52343980,53895019,51568646,51498194,49758448,51714424,49479142,48991864,48446886,47672138,46746439,50658868,48404344,48363003,48033931,45533174,49040481,47937977,47938862,5835631,4091032,3791172,3726405,3978576,3944921,3900696,3846328,3970287,4242334,4274961,3814733,3740626,3783276,3905561,4105946,4134685,3677087,3759079,3857182,4066485,4250087,3527840,4045170,4220032,4309492,3894801,4292161,3943945,4264731,4178594,3765196,3856359,4163889,4225167,4172675,3960884,4213380,4327063,3916089,3984692,4171741,4253072,4329062,4508965,4138271,3823262,3808500,4140406,4043689,4100365,4666613,4161251,3937681,3992830,4204998,3909322,3905172,4199857,3989898,3875157,3777753,4249840,3900111,4257120,4121685,4127433,3910412,3831361,3802368,4053774,3999048,4230201,3915819,3951455,4123091,4258776,3888617,4453692,4092788,3928114,0,0,0,0,0,0,0,0,0,0,0,0,0,0,0,0,0,0,0,0,0,0,0,0,0,0,0,0,0,0,0,0,0,0,0,124,0,0,0,0,0,0,0,0,0,0,0,0,0,0,0,0,0,24,0,0,0,0,0,0,0,0,0,0,3,0,0,0,0,0,0,0,0,0,0,0,0,0,0,0,0,0,0,0,0,0,0,0,43,0,0,238,0,0,0,0,0,0,0,0,0,0,0,0,0,0,0,0,0,0,0,35
1772305852.892788,28753979,54928873,51246410,51854280,53894423,55395061,51834628,52754267,54914233,54918252,53804910,56428327,52399577,53948554,51615055,51546677,49813272,51771744,49525716,49044413,48500247,47719339,46788088,50714427,48462347,48416439,48090541,45576719,49094559,47990697,47972291,5835631,4091032,3791172,3726405,3978576,3944921,3900696,3846328,3970287,4242334,4274961,3814733,3740626,3783276,3905561,4105946,4134685,3677087,3759079,3857182,4066485,4250087,3527840,4045170,4220032,4309492,3894801,4292161,3943945,4264731,4178594,3765196,3856359,4163889,4225167,4172675,3960884,4213380,4327063,3916089,3984692,4171741,4253072,4329062,4508965,4138271,3823262,3808500,4140406,4043689,4100365,4666613,4161251,3937681,3992830,4204998,3909322,3905172,4199857,3989898,3875157,3777753,4249840,3900111,4257120,4121685,4127433,3910412,3831361,3802368,4053774,3999048,4230201,3915819,3951455,4123091,4258776,3888617,4453692,4092788,3928114,0,0,0,0,0,0,0,0,0,0,0,0,0,0,0,0,0,0,0,0,0,0,0,0,0,0,0,0,0,0,0,0,0,0,0,124,0,0,0,0,0,0,0,0,0,0,0,0,0,0,0,0,0,24,0,0,0,0,0,0,0,0,0,0,3,0,0,0,0,0,0,0,0,0,0,0,0,0,0,0,0,0,0,0,0,0,0,0,43,0,0,238,0,0,0,0,0,0,0,0,0,0,0,0,0,0,0,0,0,0,0,35
1772305853.942389,28774495,54984696,51292529,51902979,53950767,55452114,51882254,52801180,54973890,54980001,53858788,56488885,52454889,54002137,51661422,51594871,49867932,51829017,49571940,49096613,48553371,47766578,46829552,50770003,48520674,48469904,48147256,45619833,49148808,48043232,48005153,5835631,4091032,3791172,3726405,3978576,3944921,3900696,3846328,3970287,4242334,4274961,3814733,3740626,3783276,3905561,4105946,4134685,3677087,3759079,3857182,4066485,4250087,3527840,4045170,4220032,4309492,3894801,4292161,3943945,4264731,4178594,3765196,3856359,4163889,4225167,4172675,3960884,4213380,4327063,3916089,3984692,4171741,4253072,4329062,4508965,4138271,3823262,3808500,4140406,4043689,4100365,4666613,4161251,3937681,3992830,4204998,3909322,3905172,4199857,3989898,3875157,3777753,4249840,3900111,4257120,4121685,4127433,3910412,3831361,3802368,4053774,3999048,4230201,3915819,3951455,4123091,4258776,3888617,4453692,4092788,3928114,0,0,0,0,0,0,0,0,0,0,0,0,0,0,0,0,0,0,0,0,0,0,0,0,0,0,0,0,0,0,0,0,0,0,0,124,0,0,0,0,0,0,0,0,0,0,0,0,0,0,0,0,0,24,0,0,0,0,0,0,0,0,0,0,3,0,0,0,0,0,0,0,0,0,0,0,0,0,0,0,0,0,0,0,0,0,0,0,43,0,0,238,0,0,0,0,0,0,0,0,0,0,0,0,0,0,0,0,0,0,0,35
1772305854.991792,28794964,55039959,51338544,51951324,54006785,55508571,51929726,52848098,55032706,55041135,53912726,56548862,52509747,54055395,51707580,51642619,49921918,51885998,49617907,49148272,48606293,47813505,46870876,50825171,48578165,48522768,48203413,45663037,49202629,48095466,48037756,5835631,4091032,3791172,3726405,3978576,3944921,3900696,3846328,3970287,4242334,4274961,3814733,3740626,3783276,3905561,4105946,4134685,3677087,3759079,3857182,4066485,4250087,3527840,4045170,4220032,4309492,3894801,4292161,3943945,4264731,4178594,3765196,3856359,4163889,4225167,4172675,3960884,4213380,4327063,3916089,3984692,4171741,4253072,4329062,4508965,4138271,3823262,3808500,4140406,4043689,4100365,4666613,4161251,3937681,3992830,4204998,3909322,3905172,4199857,3989898,3875157,3777753,4249840,3900111,4257120,4121685,4127433,3910412,3831361,3802368,4053774,3999048,4230201,3915819,3951455,4123091,4258776,3888617,4453692,4092788,3928114,0,0,0,0,0,0,0,0,0,0,0,0,0,0,0,0,0,0,0,0,0,0,0,0,0,0,0,0,0,0,0,0,0,0,0,124,0,0,0,0,0,0,0,0,0,0,0,0,0,0,0,0,0,24,0,0,0,0,0,0,0,0,0,0,3,0,0,0,0,0,0,0,0,0,0,0,0,0,0,0,0,0,0,0,0,0,0,0,43,0,0,238,0,0,0,0,0,0,0,0,0,0,0,0,0,0,0,0,0,0,0,35
1772305856.041141,28815447,55095735,51384505,52000205,54063253,55565331,51977505,52895108,55091908,55103194,53966895,56609253,52564958,54109212,51753871,51691036,49976455,51943409,49664435,49200477,48659784,47860786,46912379,50880856,48636273,48576318,48260070,45706495,49256727,48148466,48070626,5835631,4091032,3791172,3726405,3978576,3944921,3900696,3846328,3970287,4242334,4274961,3814733,3740626,3783276,3905561,4105946,4134685,3677087,3759079,3857182,4066485,4250087,3527840,4045170,4220032,4309492,3894801,4292161,3943945,4264731,4178594,3765196,3856359,4163889,4225167,4172675,3960884,4213380,4327063,3916089,3984692,4171741,4253072,4329062,4508965,4138271,3823262,3808500,4140406,4043689,4100365,4666613,4161251,3937681,3992830,4204998,3909322,3905172,4199857,3989898,3875157,3777753,4249840,3900111,4257120,4121685,4127433,3910412,3831361,3802368,4053774,3999048,4230201,3915819,3951455,4123091,4258776,3888617,4453692,4092788,3928114,0,0,0,0,0,0,0,0,0,0,0,0,0,0,0,0,0,0,0,0,0,0,0,0,0,0,0,0,0,0,0,0,0,0,0,124,0,0,0,0,0,0,0,0,0,0,0,0,0,0,0,0,0,24,0,0,0,0,0,0,0,0,0,0,3,0,0,0,0,0,0,0,0,0,0,0,0,0,0,0,0,0,0,0,0,0,0,0,43,0,0,238,0,0,0,0,0,0,0,0,0,0,0,0,0,0,0,0,0,0,0,35
1772305857.089642,28836094,55151101,51430347,52048839,54119410,55622245,52025109,52942178,55151207,55164888,54021002,56669625,52619913,54162867,51800218,51739135,50030938,52000430,49710770,49252624,48713199,47907725,46953790,50936662,48694122,48629564,48316749,45749840,49310855,48201258,48103448,5835631,4091032,3791172,3726405,3978576,3944921,3900696,3846328,3970287,4242334,4274961,3814733,3740626,3783276,3905561,4105946,4134685,3677087,3759079,3857182,4066485,4250087,3527840,4045170,4220032,4309492,3894801,4292161,3943945,4264731,4178594,3765196,3856359,4163889,4225167,4172675,3960884,4213380,4327063,3916089,3984692,4171741,4253072,4329062,4508965,4138271,3823262,3808500,4140406,4043689,4100365,4666613,4161251,3937681,3992830,4204998,3909322,3905172,4199857,3989898,3875157,3777753,4249840,3900111,4257120,4121685,4127433,3910412,3831361,3802368,4053774,3999048,4230201,3915819,3951455,4123091,4258776,3888617,4453692,4092788,3928114,0,0,0,0,0,0,0,0,0,0,0,0,0,0,0,0,0,0,0,0,0,0,0,0,0,0,0,0,0,0,0,0,0,0,0,124,0,0,0,0,0,0,0,0,0,0,0,0,0,0,0,0,0,24,0,0,0,0,0,0,0,0,0,0,3,0,0,0,0,0,0,0,0,0,0,0,0,0,0,0,0,0,0,0,0,0,0,0,43,0,0,238,0,0,0,0,0,0,0,0,0,0,0,0,0,0,0,0,0,0,0,35
1772305858.139528,28856779,55206728,51476296,52097261,54175838,55679227,52072989,52989305,55210701,55226880,54074911,56730111,52675344,54216936,51846885,51787374,50085740,52057961,49757148,49305065,48766818,47954847,46995448,50992393,48752198,48683204,48373438,45793351,49365208,48254394,48136590,5835631,4091032,3791172,3726405,3978576,3944921,3900696,3846328,3970287,4242334,4274961,3814733,3740626,3783276,3905561,4105946,4134685,3677087,3759079,3857182,4066485,4250087,3527840,4045170,4220032,4309492,3894801,4292161,3943945,4264731,4178594,3765196,3856359,4163889,4225167,4172675,3960884,4213380,4327063,3916089,3984692,4171741,4253072,4329062,4508965,4138271,3823262,3808500,4140406,4043689,4100365,4666613,4161251,3937681,3992830,4204998,3909322,3905172,4199857,3989898,3875157,3777753,4249840,3900111,4257120,4121685,4127433,3910412,3831361,3802368,4053774,3999048,4230201,3915819,3951455,4123091,4258776,3888617,4453692,4092788,3928114,0,0,0,0,0,0,0,0,0,0,0,0,0,0,0,0,0,0,0,0,0,0,0,0,0,0,0,0,0,0,0,0,0,0,0,124,0,0,0,0,0,0,0,0,0,0,0,0,0,0,0,0,0,24,0,0,0,0,0,0,0,0,0,0,3,0,0,0,0,0,0,0,0,0,0,0,0,0,0,0,0,0,0,0,0,0,0,0,43,0,0,238,0,0,0,0,0,0,0,0,0,0,0,0,0,0,0,0,0,0,0,35
1772305859.189608,28877400,55262165,51522052,52145872,54232137,55736064,52120547,53036061,55269833,55288756,54128792,56790423,52730564,54270395,51893290,51835772,50140614,52115099,49803308,49357131,48819800,48001870,47036484,51048030,48810063,48736424,48429922,45836483,49419442,48307186,48169640,5835631,4091032,3791172,3726405,3978576,3944921,3900696,3846328,3970287,4242334,4274961,3814733,3740626,3783276,3905561,4105946,4134685,3677087,3759079,3857182,4066485,4250087,3527840,4045170,4220032,4309492,3894801,4292161,3943945,4264731,4178594,3765196,3856359,4163889,4225167,4172675,3960884,4213380,4327063,3916089,3984692,4171741,4253072,4329062,4508965,4138271,3823262,3808500,4140406,4043689,4100365,4666613,4161251,3937681,3992830,4204998,3909322,3905172,4199857,3989898,3875157,3777753,4249840,3900111,4257120,4121685,4127433,3910412,3831361,3802368,4053774,3999048,4230201,3915819,3951455,4123091,4258776,3888617,4453692,4092788,3928114,0,0,0,0,0,0,0,0,0,0,0,0,0,0,0,0,0,0,0,0,0,0,0,0,0,0,0,0,0,0,0,0,0,0,0,124,0,0,0,0,0,0,0,0,0,0,0,0,0,0,0,0,0,24,0,0,0,0,0,0,0,0,0,0,3,0,0,0,0,0,0,0,0,0,0,0,0,0,0,0,0,0,0,0,0,0,0,0,43,0,0,238,0,0,0,0,0,0,0,0,0,0,0,0,0,0,0,0,0,0,0,35
1772305860.239591,28897722,55317536,51567856,52194213,54288172,55792783,52168066,53083256,55328580,55350194,54182722,56850550,52785597,54323840,51939511,51883789,50195081,52172102,49849034,49409002,48873114,48048803,47077708,51103098,48867836,48789455,48486213,45879702,49473358,48359870,48202503,5835631,4091032,3791172,3726405,3978576,3944921,3900696,3846328,3970287,4242334,4274961,3814733,3740626,3783276,3905561,4105946,4134685,3677087,3759079,3857182,4066485,4250087,3527840,4045170,4220032,4309492,3894801,4292161,3943945,4264731,4178594,3765196,3856359,4163889,4225167,4172675,3960884,4213380,4327063,3916089,3984692,4171741,4253072,4329062,4508965,4138271,3823262,3808500,4140406,4043689,4100365,4666613,4161251,3937681,3992830,4204998,3909322,3905172,4199857,3989898,3875157,3777753,4249840,3900111,4257120,4121685,4127433,3910412,3831361,3802368,4053774,3999048,4230201,3915819,3951455,4123091,4258776,3888617,4453692,4092788,3928114,0,0,0,0,0,0,0,0,0,0,0,0,0,0,0,0,0,0,0,0,0,0,0,0,0,0,0,0,0,0,0,0,0,0,0,124,0,0,0,0,0,0,0,0,0,0,0,0,0,0,0,0,0,24,0,0,0,0,0,0,0,0,0,0,3,0,0,0,0,0,0,0,0,0,0,0,0,0,0,0,0,0,0,0,0,0,0,0,43,0,0,238,0,0,0,0,0,0,0,0,0,0,0,0,0,0,0,0,0,0,0,35
1772305861.289545,28918096,55372917,51613695,52242522,54344325,55849610,52215571,53130437,55387569,55411732,54236510,56910726,52840545,54377336,51985783,51932006,50249723,52229404,49894892,49461064,48926562,48095678,47119298,51158369,48925708,48842623,48542416,45922929,49527400,48412819,48235176,5835631,4091032,3791172,3726405,3978576,3944921,3900696,3846328,3970287,4242334,4274961,3814733,3740626,3783276,3905561,4105946,4134685,3677087,3759079,3857182,4066485,4250087,3527840,4045170,4220032,4309492,3894801,4292161,3943945,4264731,4178594,3765196,3856359,4163889,4225167,4172675,3960884,4213380,4327063,3916089,3984692,4171741,4253072,4329062,4508965,4138271,3823262,3808500,4140406,4043689,4100365,4666613,4161251,3937681,3992830,4204998,3909322,3905172,4199857,3989898,3875157,3777753,4249840,3900111,4257120,4121685,4127433,3910412,3831361,3802368,4053774,3999048,4230201,3915819,3951455,4123091,4258776,3888617,4453692,4092788,3928114,0,0,0,0,0,0,0,0,0,0,0,0,0,0,0,0,0,0,0,0,0,0,0,0,0,0,0,0,0,0,0,0,0,0,0,124,0,0,0,0,0,0,0,0,0,0,0,0,0,0,0,0,0,24,0,0,0,0,0,0,0,0,0,0,3,0,0,0,0,0,0,0,0,0,0,0,0,0,0,0,0,0,0,0,0,0,0,0,43,0,0,238,0,0,0,0,0,0,0,0,0,0,0,0,0,0,0,0,0,0,0,35
1772305862.338892,28938666,55428500,51659426,52290799,54400191,55906306,52263326,53177285,55446766,55473113,54290074,56970933,52895267,54430795,52032024,51979968,50304230,52286310,49940604,49512972,48979943,48142657,47160603,51213427,48983402,48895583,48598452,45965946,49581395,48465637,48267899,5835631,4091032,3791172,3726405,3978576,3944921,3900696,3846328,3970287,4242334,4274961,3814733,3740626,3783276,3905561,4105946,4134685,3677087,3759079,3857182,4066485,4250087,3527840,4045170,4220032,4309492,3894801,4292161,3943945,4264731,4178594,3765196,3856359,4163889,4225167,4172675,3960884,4213380,4327063,3916089,3984692,4171741,4253072,4329062,4508965,4138271,3823262,3808500,4140406,4043689,4100365,4666613,4161251,3937681,3992830,4204998,3909322,3905172,4199857,3989898,3875157,3777753,4249840,3900111,4257120,4121685,4127433,3910412,3831361,3802368,4053774,3999048,4230201,3915819,3951455,4123091,4258776,3888617,4453692,4092788,3928114,0,0,0,0,0,0,0,0,0,0,0,0,0,0,0,0,0,0,0,0,0,0,0,0,0,0,0,0,0,0,0,0,0,0,0,124,0,0,0,0,0,0,0,0,0,0,0,0,0,0,0,0,0,24,0,0,0,0,0,0,0,0,0,0,3,0,0,0,0,0,0,0,0,0,0,0,0,0,0,0,0,0,0,0,0,0,0,0,43,0,0,238,0,0,0,0,0,0,0,0,0,0,0,0,0,0,0,0,0,0,0,35
1772305863.387440,28959200,55483788,51705421,52339188,54456475,55962902,52310902,53224604,55506119,55534858,54343813,57031271,52950316,54484428,52077981,52028291,50358678,52343363,49986589,49565066,49033272,48189736,47201956,51268825,49041329,48948495,48655045,46009667,49635626,48518447,48300793,5835631,4091032,3791172,3726405,3978576,3944921,3900696,3846328,3970287,4242334,4274961,3814733,3740626,3783276,3905561,4105946,4134685,3677087,3759079,3857182,4066485,4250087,3527840,4045170,4220032,4309492,3894801,4292161,3943945,4264731,4178594,3765196,3856359,4163889,4225167,4172675,3960884,4213380,4327063,3916089,3984692,4171741,4253072,4329062,4508965,4138271,3823262,3808500,4140406,4043689,4100365,4666613,4161251,3937681,3992830,4204998,3909322,3905172,4199857,3989898,3875157,3777753,4249840,3900111,4257120,4121685,4127433,3910412,3831361,3802368,4053774,3999048,4230201,3915819,3951455,4123091,4258776,3888617,4453692,4092788,3928114,0,0,0,0,0,0,0,0,0,0,0,0,0,0,0,0,0,0,0,0,0,0,0,0,0,0,0,0,0,0,0,0,0,0,0,124,0,0,0,0,0,0,0,0,0,0,0,0,0,0,0,0,0,24,0,0,0,0,0,0,0,0,0,0,3,0,0,0,0,0,0,0,0,0,0,0,0,0,0,0,0,0,0,0,0,0,0,0,43,0,0,238,0,0,0,0,0,0,0,0,0,0,0,0,0,0,0,0,0,0,0,35
1772305864.436773,28979471,55538926,51750811,52387261,54512053,56019162,52357973,53271416,55564674,55595717,54397115,57091000,53004745,54537550,52124055,52075985,50412436,52399925,50032087,49616220,49086425,48236316,47243073,51323617,49098619,49000942,48711049,46052719,49689411,48570584,48333043,5835631,4091032,3791172,3726405,3978576,3944921,3900696,3846328,3970287,4242334,4274961,3814733,3740626,3783276,3905561,4105946,4134685,3677087,3759079,3857182,4066485,4250087,3527840,4045170,4220032,4309492,3894801,4292161,3943945,4264731,4178594,3765196,3856359,4163889,4225167,4172675,3960884,4213380,4327063,3916089,3984692,4171741,4253072,4329062,4508965,4138271,3823262,3808500,4140406,4043689,4100365,4666613,4161251,3937681,3992830,4204998,3909322,3905172,4199857,3989898,3875157,3777753,4249840,3900111,4257120,4121685,4127433,3910412,3831361,3802368,4053774,3999048,4230201,3915819,3951455,4123091,4258776,3888617,4453692,4092788,3928114,0,0,0,0,0,0,0,0,0,0,0,0,0,0,0,0,0,0,0,0,0,0,0,0,0,0,0,0,0,0,0,0,0,0,0,124,0,0,0,0,0,0,0,0,0,0,0,0,0,0,0,0,0,24,0,0,0,0,0,0,0,0,0,0,3,0,0,0,0,0,0,0,0,0,0,0,0,0,0,0,0,0,0,0,0,0,0,0,43,0,0,238,0,0,0,0,0,0,0,0,0,0,0,0,0,0,0,0,0,0,0,35
1772305865.485617,28999807,55594131,51796575,52435198,54568003,56075369,52405329,53318118,55623442,55657133,54450816,57150920,53059439,54590710,52169999,52123943,50466429,52456435,50077874,49667848,49139633,48283106,47284175,51378432,49156129,49053722,48767038,46095889,49743157,48623357,48365531,5835631,4091032,3791172,3726405,3978576,3944921,3900696,3846328,3970287,4242334,4274961,3814733,3740626,3783276,3905561,4105946,4134685,3677087,3759079,3857182,4066485,4250087,3527840,4045170,4220032,4309492,3894801,4292161,3943945,4264731,4178594,3765196,3856359,4163889,4225167,4172675,3960884,4213380,4327063,3916089,3984692,4171741,4253072,4329062,4508965,4138271,3823262,3808500,4140406,4043689,4100365,4666613,4161251,3937681,3992830,4204998,3909322,3905172,4199857,3989898,3875157,3777753,4249840,3900111,4257120,4121685,4127433,3910412,3831361,3802368,4053774,3999048,4230201,3915819,3951455,4123091,4258776,3888617,4453692,4092788,3928114,0,0,0,0,0,0,0,0,0,0,0,0,0,0,0,0,0,0,0,0,0,0,0,0,0,0,0,0,0,0,0,0,0,0,0,124,0,0,0,0,0,0,0,0,0,0,0,0,0,0,0,0,0,24,0,0,0,0,0,0,0,0,0,0,3,0,0,0,0,0,0,0,0,0,0,0,0,0,0,0,0,0,0,0,0,0,0,0,43,0,0,238,0,0,0,0,0,0,0,0,0,0,0,0,0,0,0,0,0,0,0,35
1772305866.534906,29020370,55649811,51842488,52483776,54624025,56132097,52453026,53364991,55682887,55719188,54504966,57211574,53114658,54644467,52216352,52172336,50521036,52513825,50124335,49720147,49192920,48330237,47325335,51433612,49214153,49107440,48823789,46139381,49797470,48676145,48398301,5835631,4091032,3791172,3726405,3978576,3944921,3900696,3846328,3970287,4242334,4274961,3814733,3740626,3783276,3905561,4105946,4134685,3677087,3759079,3857182,4066485,4250087,3527840,4045170,4220032,4309492,3894801,4292161,3943945,4264731,4178594,3765196,3856359,4163889,4225167,4172675,3960884,4213380,4327063,3916089,3984692,4171741,4253072,4329062,4508965,4138271,3823262,3808500,4140406,4043689,4100365,4666613,4161251,3937681,3992830,4204998,3909322,3905172,4199857,3989898,3875157,3777753,4249840,3900111,4257120,4121685,4127433,3910412,3831361,3802368,4053774,3999048,4230201,3915819,3951455,4123091,4258776,3888617,4453692,4092788,3928114,0,0,0,0,0,0,0,0,0,0,0,0,0,0,0,0,0,0,0,0,0,0,0,0,0,0,0,0,0,0,0,0,0,0,0,124,0,0,0,0,0,0,0,0,0,0,0,0,0,0,0,0,0,24,0,0,0,0,0,0,0,0,0,0,3,0,0,0,0,0,0,0,0,0,0,0,0,0,0,0,0,0,0,0,0,0,0,0,43,0,0,238,0,0,0,0,0,0,0,0,0,0,0,0,0,0,0,0,0,0,0,35
1772305867.584219,29040792,55705227,51888598,52532350,54680350,56188748,52500407,53411967,55742037,55780951,54559116,57272176,53169746,54697650,52262728,52220396,50575671,52571098,50170550,49772227,49246138,48377282,47366626,51488997,49272144,49160968,48880096,46182747,49851222,48729260,48431078,5835631,4091032,3791172,3726405,3978576,3944921,3900696,3846328,3970287,4242334,4274961,3814733,3740626,3783276,3905561,4105946,4134685,3677087,3759079,3857182,4066485,4250087,3527840,4045170,4220032,4309492,3894801,4292161,3943945,4264731,4178594,3765196,3856359,4163889,4225167,4172675,3960884,4213380,4327063,3916089,3984692,4171741,4253072,4329062,4508965,4138271,3823262,3808500,4140406,4043689,4100365,4666613,4161251,3937681,3992830,4204998,3909322,3905172,4199857,3989898,3875157,3777753,4249840,3900111,4257120,4121685,4127433,3910412,3831361,3802368,4053774,3999048,4230201,3915819,3951455,4123091,4258776,3888617,4453692,4092788,3928114,0,0,0,0,0,0,0,0,0,0,0,0,0,0,0,0,0,0,0,0,0,0,0,0,0,0,0,0,0,0,0,0,0,0,0,124,0,0,0,0,0,0,0,0,0,0,0,0,0,0,0,0,0,24,0,0,0,0,0,0,0,0,0,0,3,0,0,0,0,0,0,0,0,0,0,0,0,0,0,0,0,0,0,0,0,0,0,0,43,0,0,238,0,0,0,0,0,0,0,0,0,0,0,0,0,0,0,0,0,0,0,35
1772305868.633400,29061387,55760710,51934896,52580978,54736724,56245542,52547986,53458922,55801369,55842885,54613270,57332732,53225151,54751335,52309237,52268734,50630395,52628695,50216760,49824701,49299412,48424315,47407749,51544443,49330186,49214766,48937013,46226599,49905578,48782395,48463932,5835631,4091032,3791172,3726405,3978576,3944921,3900696,3846328,3970287,4242334,4274961,3814733,3740626,3783276,3905561,4105946,4134685,3677087,3759079,3857182,4066485,4250087,3527840,4045170,4220032,4309492,3894801,4292161,3943945,4264731,4178594,3765196,3856359,4163889,4225167,4172675,3960884,4213380,4327063,3916089,3984692,4171741,4253072,4329062,4508965,4138271,3823262,3808500,4140406,4043689,4100365,4666613,4161251,3937681,3992830,4204998,3909322,3905172,4199857,3989898,3875157,3777753,4249840,3900111,4257120,4121685,4127433,3910412,3831361,3802368,4053774,3999048,4230201,3915819,3951455,4123091,4258776,3888617,4453692,4092788,3928114,0,0,0,0,0,0,0,0,0,0,0,0,0,0,0,0,0,0,0,0,0,0,0,0,0,0,0,0,0,0,0,0,0,0,0,124,0,0,0,0,0,0,0,0,0,0,0,0,0,0,0,0,0,24,0,0,0,0,0,0,0,0,0,0,3,0,0,0,0,0,0,0,0,0,0,0,0,0,0,0,0,0,0,0,0,0,0,0,43,0,0,238,0,0,0,0,0,0,0,0,0,0,0,0,0,0,0,0,0,0,0,35
1772305869.682747,29081691,55815874,51980563,52629164,54792733,56301987,52595059,53505477,55860301,55904596,54667036,57392787,53280093,54804334,52355203,52316475,50684780,52685777,50262240,49876280,49352746,48471091,47448869,51599652,49387878,49267956,48993223,46269843,49959503,48834923,48496487,5835631,4091032,3791172,3726405,3978576,3944921,3900696,3846328,3970287,4242334,4274961,3814733,3740626,3783276,3905561,4105946,4134685,3677087,3759079,3857182,4066485,4250087,3527840,4045170,4220032,4309492,3894801,4292161,3943945,4264731,4178594,3765196,3856359,4163889,4225167,4172675,3960884,4213380,4327063,3916089,3984692,4171741,4253072,4329062,4508965,4138271,3823262,3808500,4140406,4043689,4100365,4666613,4161251,3937681,3992830,4204998,3909322,3905172,4199857,3989898,3875157,3777753,4249840,3900111,4257120,4121685,4127433,3910412,3831361,3802368,4053774,3999048,4230201,3915819,3951455,4123091,4258776,3888617,4453692,4092788,3928114,0,0,0,0,0,0,0,0,0,0,0,0,0,0,0,0,0,0,0,0,0,0,0,0,0,0,0,0,0,0,0,0,0,0,0,124,0,0,0,0,0,0,0,0,0,0,0,0,0,0,0,0,0,24,0,0,0,0,0,0,0,0,0,0,3,0,0,0,0,0,0,0,0,0,0,0,0,0,0,0,0,0,0,0,0,0,0,0,43,0,0,238,0,0,0,0,0,0,0,0,0,0,0,0,0,0,0,0,0,0,0,35
1772305870.731891,29102231,55871266,52026657,52677951,54848962,56358734,52642372,53552420,55919742,55966316,54720901,57452833,53335380,54857913,52401426,52364686,50739672,52743110,50308293,49928244,49406168,48518372,47490439,51655187,49445743,49321230,49049421,46313036,50013754,48887907,48529499,5835631,4091032,3791172,3726405,3978576,3944921,3900696,3846328,3970287,4242334,4274961,3814733,3740626,3783276,3905561,4105946,4134685,3677087,3759079,3857182,4066485,4250087,3527840,4045170,4220032,4309492,3894801,4292161,3943945,4264731,4178594,3765196,3856359,4163889,4225167,4172675,3960884,4213380,4327063,3916089,3984692,4171741,4253072,4329062,4508965,4138271,3823262,3808500,4140406,4043689,4100365,4666613,4161251,3937681,3992830,4204998,3909322,3905172,4199857,3989898,3875157,3777753,4249840,3900111,4257120,4121685,4127433,3910412,3831361,3802368,4053774,3999048,4230201,3915819,3951455,4123091,4258776,3888617,4453692,4092788,3928114,0,0,0,0,0,0,0,0,0,0,0,0,0,0,0,0,0,0,0,0,0,0,0,0,0,0,0,0,0,0,0,0,0,0,0,124,0,0,0,0,0,0,0,0,0,0,0,0,0,0,0,0,0,24,0,0,0,0,0,0,0,0,0,0,3,0,0,0,0,0,0,0,0,0,0,0,0,0,0,0,0,0,0,0,0,0,0,0,43,0,0,238,0,0,0,0,0,0,0,0,0,0,0,0,0,0,0,0,0,0,0,35
1772305871.781205,29122492,55926737,52072419,52726192,54905376,56415549,52690048,53599580,55979448,56028258,54775031,57513465,53390596,54911584,52447770,52412786,50794342,52800374,50354263,49980501,49459973,48565446,47532203,51710874,49503962,49374831,49106047,46356690,50067845,48940494,48562486,5835631,4091032,3791172,3726405,3978576,3944921,3900696,3846328,3970287,4242334,4274961,3814733,3740626,3783276,3905561,4105946,4134685,3677087,3759079,3857182,4066485,4250087,3527840,4045170,4220032,4309492,3894801,4292161,3943945,4264731,4178594,3765196,3856359,4163889,4225167,4172675,3960884,4213380,4327063,3916089,3984692,4171741,4253072,4329062,4508965,4138271,3823262,3808500,4140406,4043689,4100365,4666613,4161251,3937681,3992830,4204998,3909322,3905172,4199857,3989898,3875157,3777753,4249840,3900111,4257120,4121685,4127433,3910412,3831361,3802368,4053774,3999048,4230201,3915819,3951455,4123091,4258776,3888617,4453692,4092788,3928114,0,0,0,0,0,0,0,0,0,0,0,0,0,0,0,0,0,0,0,0,0,0,0,0,0,0,0,0,0,0,0,0,0,0,0,124,0,0,0,0,0,0,0,0,0,0,0,0,0,0,0,0,0,24,0,0,0,0,0,0,0,0,0,0,3,0,0,0,0,0,0,0,0,0,0,0,0,0,0,0,0,0,0,0,0,0,0,0,43,0,0,238,0,0,0,0,0,0,0,0,0,0,0,0,0,0,0,0,0,0,0,35
1772305872.830733,29142626,55981939,52117825,52774107,54961296,56471978,52736921,53645985,56037753,56089322,54828266,57572852,53445315,54964304,52493519,52460740,50848312,52857290,50400212,50032308,49513061,48612000,47573227,51765652,49561239,49427335,49162106,46399878,50121374,48993189,48595030,5835631,4091032,3791172,3726405,3978576,3944921,3900696,3846328,3970287,4242334,4274961,3814733,3740626,3783276,3905561,4105946,4134685,3677087,3759079,3857182,4066485,4250087,3527840,4045170,4220032,4309492,3894801,4292161,3943945,4264731,4178594,3765196,3856359,4163889,4225167,4172675,3960884,4213380,4327063,3916089,3984692,4171741,4253072,4329062,4508965,4138271,3823262,3808500,4140406,4043689,4100365,4666613,4161251,3937681,3992830,4204998,3909322,3905172,4199857,3989898,3875157,3777753,4249840,3900111,4257120,4121685,4127433,3910412,3831361,3802368,4053774,3999048,4230201,3915819,3951455,4123091,4258776,3888617,4453692,4092788,3928114,0,0,0,0,0,0,0,0,0,0,0,0,0,0,0,0,0,0,0,0,0,0,0,0,0,0,0,0,0,0,0,0,0,0,0,124,0,0,0,0,0,0,0,0,0,0,0,0,0,0,0,0,0,24,0,0,0,0,0,0,0,0,0,0,3,0,0,0,0,0,0,0,0,0,0,0,0,0,0,0,0,0,0,0,0,0,0,0,43,0,0,238,0,0,0,0,0,0,0,0,0,0,0,0,0,0,0,0,0,0,0,35
1772305873.880071,29163023,56037308,52163733,52822432,55017506,56528358,52784232,53693098,56096731,56150611,54882029,57633233,53499980,55017828,52539681,52508623,50902449,52914363,50446213,50084312,49566678,48658620,47614408,51821041,49619276,49480263,49218061,46443284,50175014,49046221,48627668,5835631,4091032,3791172,3726405,3978576,3944921,3900696,3846328,3970287,4242334,4274961,3814733,3740626,3783276,3905561,4105946,4134685,3677087,3759079,3857182,4066485,4250087,3527840,4045170,4220032,4309492,3894801,4292161,3943945,4264731,4178594,3765196,3856359,4163889,4225167,4172675,3960884,4213380,4327063,3916089,3984692,4171741,4253072,4329062,4508965,4138271,3823262,3808500,4140406,4043689,4100365,4666613,4161251,3937681,3992830,4204998,3909322,3905172,4199857,3989898,3875157,3777753,4249840,3900111,4257120,4121685,4127433,3910412,3831361,3802368,4053774,3999048,4230201,3915819,3951455,4123091,4258776,3888617,4453692,4092788,3928114,0,0,0,0,0,0,0,0,0,0,0,0,0,0,0,0,0,0,0,0,0,0,0,0,0,0,0,0,0,0,0,0,0,0,0,124,0,0,0,0,0,0,0,0,0,0,0,0,0,0,0,0,0,24,0,0,0,0,0,0,0,0,0,0,3,0,0,0,0,0,0,0,0,0,0,0,0,0,0,0,0,0,0,0,0,0,0,0,43,0,0,238,0,0,0,0,0,0,0,0,0,0,0,0,0,0,0,0,0,0,0,35
1772305874.929412,29183406,56092874,52209586,52871360,55074144,56584911,52831682,53740372,56156447,56212429,54936431,57693558,53555049,55071532,52586374,52557121,50957358,52971626,50492406,50136484,49620337,48705831,47655988,51876983,49677455,49533578,49274459,46486843,50229149,49099339,48660648,5835631,4091032,3791172,3726405,3978576,3944921,3900696,3846328,3970287,4242334,4274961,3814733,3740626,3783276,3905561,4105946,4134685,3677087,3759079,3857182,4066485,4250087,3527840,4045170,4220032,4309492,3894801,4292161,3943945,4264731,4178594,3765196,3856359,4163889,4225167,4172675,3960884,4213380,4327063,3916089,3984692,4171741,4253072,4329062,4508965,4138271,3823262,3808500,4140406,4043689,4100365,4666613,4161251,3937681,3992830,4204998,3909322,3905172,4199857,3989898,3875157,3777753,4249840,3900111,4257120,4121685,4127433,3910412,3831361,3802368,4053774,3999048,4230201,3915819,3951455,4123091,4258776,3888617,4453692,4092788,3928114,0,0,0,0,0,0,0,0,0,0,0,0,0,0,0,0,0,0,0,0,0,0,0,0,0,0,0,0,0,0,0,0,0,0,0,124,0,0,0,0,0,0,0,0,0,0,0,0,0,0,0,0,0,24,0,0,0,0,0,0,0,0,0,0,3,0,0,0,0,0,0,0,0,0,0,0,0,0,0,0,0,0,0,0,0,0,0,0,43,0,0,238,0,0,0,0,0,0,0,0,0,0,0,0,0,0,0,0,0,0,0,35
1772305875.978782,29203732,56148303,52255462,52919776,55130307,56641323,52879329,53787220,56215523,56273765,54990157,57753811,53609830,55124802,52632692,52604809,51011775,53028765,50538293,50188408,49673622,48752905,47697132,51932298,49735314,49586436,49330713,46530232,50283278,49152057,48693436,5835631,4091032,3791172,3726405,3978576,3944921,3900696,3846328,3970287,4242334,4274961,3814733,3740626,3783276,3905561,4105946,4134685,3677087,3759079,3857182,4066485,4250087,3527840,4045170,4220032,4309492,3894801,4292161,3943945,4264731,4178594,3765196,3856359,4163889,4225167,4172675,3960884,4213380,4327063,3916089,3984692,4171741,4253072,4329062,4508965,4138271,3823262,3808500,4140406,4043689,4100365,4666613,4161251,3937681,3992830,4204998,3909322,3905172,4199857,3989898,3875157,3777753,4249840,3900111,4257120,4121685,4127433,3910412,3831361,3802368,4053774,3999048,4230201,3915819,3951455,4123091,4258776,3888617,4453692,4092788,3928114,0,0,0,0,0,0,0,0,0,0,0,0,0,0,0,0,0,0,0,0,0,0,0,0,0,0,0,0,0,0,0,0,0,0,0,124,0,0,0,0,0,0,0,0,0,0,0,0,0,0,0,0,0,24,0,0,0,0,0,0,0,0,0,0,3,0,0,0,0,0,0,0,0,0,0,0,0,0,0,0,0,0,0,0,0,0,0,0,43,0,0,238,0,0,0,0,0,0,0,0,0,0,0,0,0,0,0,0,0,0,0,35
1772305877.028081,29224436,56203433,52301284,52968452,55186378,56697930,52927015,53834117,56274769,56335015,55043935,57814062,53664723,55178347,52679130,52653016,51066254,53085913,50584216,50240339,49726997,48799956,47738230,51987626,49793193,49639601,49387291,46573715,50337500,49204817,48726225,5835631,4091032,3791172,3726405,3978576,3944921,3900696,3846328,3970287,4242334,4274961,3814733,3740626,3783276,3905561,4105946,4134685,3677087,3759079,3857182,4066485,4250087,3527840,4045170,4220032,4309492,3894801,4292161,3943945,4264731,4178594,3765196,3856359,4163889,4225167,4172675,3960884,4213380,4327063,3916089,3984692,4171741,4253072,4329062,4508965,4138271,3823262,3808500,4140406,4043689,4100365,4666613,4161251,3937681,3992830,4204998,3909322,3905172,4199857,3989898,3875157,3777753,4249840,3900111,4257120,4121685,4127433,3910412,3831361,3802368,4053774,3999048,4230201,3915819,3951455,4123091,4258776,3888617,4453692,4092788,3928114,0,0,0,0,0,0,0,0,0,0,0,0,0,0,0,0,0,0,0,0,0,0,0,0,0,0,0,0,0,0,0,0,0,0,0,124,0,0,0,0,0,0,0,0,0,0,0,0,0,0,0,0,0,24,0,0,0,0,0,0,0,0,0,0,3,0,0,0,0,0,0,0,0,0,0,0,0,0,0,0,0,0,0,0,0,0,0,0,43,0,0,238,0,0,0,0,0,0,0,0,0,0,0,0,0,0,0,0,0,0,0,35
1772305878.077344,29244820,56258911,52346933,53017054,55242263,56754148,52974683,53880829,56333823,56396101,55097665,57874303,53719567,55231642,52725325,52701182,51120496,53142976,50630356,50292260,49780458,48846926,47779396,52042728,49850900,49692579,49443645,46616885,50391465,49257439,48758952,5835631,4091032,3791172,3726405,3978576,3944921,3900696,3846328,3970287,4242334,4274961,3814733,3740626,3783276,3905561,4105946,4134685,3677087,3759079,3857182,4066485,4250087,3527840,4045170,4220032,4309492,3894801,4292161,3943945,4264731,4178594,3765196,3856359,4163889,4225167,4172675,3960884,4213380,4327063,3916089,3984692,4171741,4253072,4329062,4508965,4138271,3823262,3808500,4140406,4043689,4100365,4666613,4161251,3937681,3992830,4204998,3909322,3905172,4199857,3989898,3875157,3777753,4249840,3900111,4257120,4121685,4127433,3910412,3831361,3802368,4053774,3999048,4230201,3915819,3951455,4123091,4258776,3888617,4453692,4092788,3928114,0,0,0,0,0,0,0,0,0,0,0,0,0,0,0,0,0,0,0,0,0,0,0,0,0,0,0,0,0,0,0,0,0,0,0,124,0,0,0,0,0,0,0,0,0,0,0,0,0,0,0,0,0,24,0,0,0,0,0,0,0,0,0,0,3,0,0,0,0,0,0,0,0,0,0,0,0,0,0,0,0,0,0,0,0,0,0,0,43,0,0,238,0,0,0,0,0,0,0,0,0,0,0,0,0,0,0,0,0,0,0,35
1772305879.126122,29265264,56314158,52392963,53065587,55298654,56810922,53022350,53927691,56393284,56457526,55151870,57934615,53774832,55285068,52771800,52749530,51174982,53200287,50676361,50344305,49834050,48894127,47820975,52098234,49908720,49745920,49500115,46660368,50445575,49310165,48791725,5835631,4091032,3791172,3726405,3978576,3944921,3900696,3846328,3970287,4242334,4274961,3814733,3740626,3783276,3905561,4105946,4134685,3677087,3759079,3857182,4066485,4250087,3527840,4045170,4220032,4309492,3894801,4292161,3943945,4264731,4178594,3765196,3856359,4163889,4225167,4172675,3960884,4213380,4327063,3916089,3984692,4171741,4253072,4329062,4508965,4138271,3823262,3808500,4140406,4043689,4100365,4666613,4161251,3937681,3992830,4204998,3909322,3905172,4199857,3989898,3875157,3777753,4249840,3900111,4257120,4121685,4127433,3910412,3831361,3802368,4053774,3999048,4230201,3915819,3951455,4123091,4258776,3888617,4453692,4092788,3928114,0,0,0,0,0,0,0,0,0,0,0,0,0,0,0,0,0,0,0,0,0,0,0,0,0,0,0,0,0,0,0,0,0,0,0,124,0,0,0,0,0,0,0,0,0,0,0,0,0,0,0,0,0,24,0,0,0,0,0,0,0,0,0,0,3,0,0,0,0,0,0,0,0,0,0,0,0,0,0,0,0,0,0,0,0,0,0,0,43,0,0,238,0,0,0,0,0,0,0,0,0,0,0,0,0,0,0,0,0,0,0,35
1772305880.175344,29285551,56368859,52438506,53113859,55354483,56867123,53069529,53974294,56451763,56518681,55205318,57994279,53829526,55338395,52817559,52797439,51229146,53257114,50722341,50396024,49887318,48940669,47862013,52153089,49966005,49799159,49556416,46703357,50499174,49362795,48824287,5835631,4091032,3791172,3726405,3978576,3944921,3900696,3846328,3970287,4242334,4274961,3814733,3740626,3783276,3905561,4105946,4134685,3677087,3759079,3857182,4066485,4250087,3527840,4045170,4220032,4309492,3894801,4292161,3943945,4264731,4178594,3765196,3856359,4163889,4225167,4172675,3960884,4213380,4327063,3916089,3984692,4171741,4253072,4329062,4508965,4138271,3823262,3808500,4140406,4043689,4100365,4666613,4161251,3937681,3992830,4204998,3909322,3905172,4199857,3989898,3875157,3777753,4249840,3900111,4257120,4121685,4127433,3910412,3831361,3802368,4053774,3999048,4230201,3915819,3951455,4123091,4258776,3888617,4453692,4092788,3928114,0,0,0,0,0,0,0,0,0,0,0,0,0,0,0,0,0,0,0,0,0,0,0,0,0,0,0,0,0,0,0,0,0,0,0,124,0,0,0,0,0,0,0,0,0,0,0,0,0,0,0,0,0,24,0,0,0,0,0,0,0,0,0,0,3,0,0,0,0,0,0,0,0,0,0,0,0,0,0,0,0,0,0,0,0,0,0,0,43,0,0,238,0,0,0,0,0,0,0,0,0,0,0,0,0,0,0,0,0,0,0,35
1772305881.224043,29305882,56424059,52484516,53162001,55410257,56923582,53116999,54020868,56510409,56580176,55259125,58054266,53884106,55391825,52863583,52845434,51283554,53313947,50768172,50447625,49940531,48987487,47903128,52208203,50023688,49852556,49612682,46746224,50552836,49415633,48857118,5835631,4091032,3791172,3726405,3978576,3944921,3900696,3846328,3970287,4242334,4274961,3814733,3740626,3783276,3905561,4105946,4134685,3677087,3759079,3857182,4066485,4250087,3527840,4045170,4220032,4309492,3894801,4292161,3943945,4264731,4178594,3765196,3856359,4163889,4225167,4172675,3960884,4213380,4327063,3916089,3984692,4171741,4253072,4329062,4508965,4138271,3823262,3808500,4140406,4043689,4100365,4666613,4161251,3937681,3992830,4204998,3909322,3905172,4199857,3989898,3875157,3777753,4249840,3900111,4257120,4121685,4127433,3910412,3831361,3802368,4053774,3999048,4230201,3915819,3951455,4123091,4258776,3888617,4453692,4092788,3928114,0,0,0,0,0,0,0,0,0,0,0,0,0,0,0,0,0,0,0,0,0,0,0,0,0,0,0,0,0,0,0,0,0,0,0,124,0,0,0,0,0,0,0,0,0,0,0,0,0,0,0,0,0,24,0,0,0,0,0,0,0,0,0,0,3,0,0,0,0,0,0,0,0,0,0,0,0,0,0,0,0,0,0,0,0,0,0,0,43,0,0,238,0,0,0,0,0,0,0,0,0,0,0,0,0,0,0,0,0,0,0,35
1772305882.273297,29326237,56479011,52530395,53210218,55465914,56979922,53164216,54067388,56569209,56641458,55313024,58114321,53938895,55444992,52909528,52893292,51337765,53370749,50813934,50499379,49993788,49034361,47944300,52263484,50081472,49906165,49669059,46789397,50606644,49468304,48889996,5835631,4091032,3791172,3726405,3978576,3944921,3900696,3846328,3970287,4242334,4274961,3814733,3740626,3783276,3905561,4105946,4134685,3677087,3759079,3857182,4066485,4250087,3527840,4045170,4220032,4309492,3894801,4292161,3943945,4264731,4178594,3765196,3856359,4163889,4225167,4172675,3960884,4213380,4327063,3916089,3984692,4171741,4253072,4329062,4508965,4138271,3823262,3808500,4140406,4043689,4100365,4666613,4161251,3937681,3992830,4204998,3909322,3905172,4199857,3989898,3875157,3777753,4249840,3900111,4257120,4121685,4127433,3910412,3831361,3802368,4053774,3999048,4230201,3915819,3951455,4123091,4258776,3888617,4453692,4092788,3928114,0,0,0,0,0,0,0,0,0,0,0,0,0,0,0,0,0,0,0,0,0,0,0,0,0,0,0,0,0,0,0,0,0,0,0,124,0,0,0,0,0,0,0,0,0,0,0,0,0,0,0,0,0,24,0,0,0,0,0,0,0,0,0,0,3,0,0,0,0,0,0,0,0,0,0,0,0,0,0,0,0,0,0,0,0,0,0,0,43,0,0,238,0,0,0,0,0,0,0,0,0,0,0,0,0,0,0,0,0,0,0,35
1772305883.322142,29346504,56533834,52576108,53258350,55521318,57036077,53211447,54113497,56627561,56702378,55366681,58173904,53993442,55497939,52955386,52941140,51391823,53427169,50859867,50550813,50046605,49080902,47985469,52318532,50138686,49958918,49725041,46832154,50660170,49520682,48922924,5835631,4091032,3791172,3726405,3978576,3944921,3900696,3846328,3970287,4242334,4274961,3814733,3740626,3783276,3905561,4105946,4134685,3677087,3759079,3857182,4066485,4250087,3527840,4045170,4220032,4309492,3894801,4292161,3943945,4264731,4178594,3765196,3856359,4163889,4225167,4172675,3960884,4213380,4327063,3916089,3984692,4171741,4253072,4329062,4508965,4138271,3823262,3808500,4140406,4043689,4100365,4666613,4161251,3937681,3992830,4204998,3909322,3905172,4199857,3989898,3875157,3777753,4249840,3900111,4257120,4121685,4127433,3910412,3831361,3802368,4053774,3999048,4230201,3915819,3951455,4123091,4258776,3888617,4453692,4092788,3928114,0,0,0,0,0,0,0,0,0,0,0,0,0,0,0,0,0,0,0,0,0,0,0,0,0,0,0,0,0,0,0,0,0,0,0,124,0,0,0,0,0,0,0,0,0,0,0,0,0,0,0,0,0,24,0,0,0,0,0,0,0,0,0,0,3,0,0,0,0,0,0,0,0,0,0,0,0,0,0,0,0,0,0,0,0,0,0,0,43,0,0,238,0,0,0,0,0,0,0,0,0,0,0,0,0,0,0,0,0,0,0,35
1772305884.371462,29366775,56588893,52621847,53306423,55576980,57092288,53258794,54160078,56686163,56763363,55419989,58233433,54047931,55550872,53001351,52988878,51445904,53483663,50905494,50602602,50099092,49127659,48026561,52373913,50196087,50011494,49781002,46875143,50713840,49573335,48955586,5835631,4091032,3791172,3726405,3978576,3944921,3900696,3846328,3970287,4242334,4274961,3814733,3740626,3783276,3905561,4105946,4134685,3677087,3759079,3857182,4066485,4250087,3527840,4045170,4220032,4309492,3894801,4292161,3943945,4264731,4178594,3765196,3856359,4163889,4225167,4172675,3960884,4213380,4327063,3916089,3984692,4171741,4253072,4329062,4508965,4138271,3823262,3808500,4140406,4043689,4100365,4666613,4161251,3937681,3992830,4204998,3909322,3905172,4199857,3989898,3875157,3777753,4249840,3900111,4257120,4121685,4127433,3910412,3831361,3802368,4053774,3999048,4230201,3915819,3951455,4123091,4258776,3888617,4453692,4092788,3928114,0,0,0,0,0,0,0,0,0,0,0,0,0,0,0,0,0,0,0,0,0,0,0,0,0,0,0,0,0,0,0,0,0,0,0,124,0,0,0,0,0,0,0,0,0,0,0,0,0,0,0,0,0,24,0,0,0,0,0,0,0,0,0,0,3,0,0,0,0,0,0,0,0,0,0,0,0,0,0,0,0,0,0,0,0,0,0,0,43,0,0,238,0,0,0,0,0,0,0,0,0,0,0,0,0,0,0,0,0,0,0,35
1772305885.420549,29387419,56644366,52668104,53355161,55633494,57149209,53306549,54207059,56745706,56825412,55473825,58293688,54103202,55604493,53047833,53037304,51500614,53540954,50951425,50654692,50152564,49174807,48068020,52429306,50254305,50064701,49837774,46918670,50767793,49626282,48988552,5835631,4091032,3791172,3726405,3978576,3944921,3900696,3846328,3970287,4242334,4274961,3814733,3740626,3783276,3905561,4105946,4134685,3677087,3759079,3857182,4066485,4250087,3527840,4045170,4220032,4309492,3894801,4292161,3943945,4264731,4178594,3765196,3856359,4163889,4225167,4172675,3960884,4213380,4327063,3916089,3984692,4171741,4253072,4329062,4508965,4138271,3823262,3808500,4140406,4043689,4100365,4666613,4161251,3937681,3992830,4204998,3909322,3905172,4199857,3989898,3875157,3777753,4249840,3900111,4257120,4121685,4127433,3910412,3831361,3802368,4053774,3999048,4230201,3915819,3951455,4123091,4258776,3888617,4453692,4092788,3928114,0,0,0,0,0,0,0,0,0,0,0,0,0,0,0,0,0,0,0,0,0,0,0,0,0,0,0,0,0,0,0,0,0,0,0,124,0,0,0,0,0,0,0,0,0,0,0,0,0,0,0,0,0,24,0,0,0,0,0,0,0,0,0,0,3,0,0,0,0,0,0,0,0,0,0,0,0,0,0,0,0,0,0,0,0,0,0,0,43,0,0,238,0,0,0,0,0,0,0,0,0,0,0,0,0,0,0,0,0,0,0,35
1772305886.469860,29408284,56699923,52713969,53403872,55689701,57205866,53354101,54254146,56804916,56887130,55528043,58353680,54158154,55658125,53094193,53085417,51555359,53597990,50997293,50707020,50206121,49221737,48109290,52484443,50312117,50117826,49894382,46961973,50821664,49679095,49021200,5835631,4091032,3791172,3726405,3978576,3944921,3900696,3846328,3970287,4242334,4274961,3814733,3740626,3783276,3905561,4105946,4134685,3677087,3759079,3857182,4066485,4250087,3527840,4045170,4220032,4309492,3894801,4292161,3943945,4264731,4178594,3765196,3856359,4163889,4225167,4172675,3960884,4213380,4327063,3916089,3984692,4171741,4253072,4329062,4508965,4138271,3823262,3808500,4140406,4043689,4100365,4666613,4161251,3937681,3992830,4204998,3909322,3905172,4199857,3989898,3875157,3777753,4249840,3900111,4257120,4121685,4127433,3910412,3831361,3802368,4053774,3999048,4230201,3915819,3951455,4123091,4258776,3888617,4453692,4092788,3928114,0,0,0,0,0,0,0,0,0,0,0,0,0,0,0,0,0,0,0,0,0,0,0,0,0,0,0,0,0,0,0,0,0,0,0,124,0,0,0,0,0,0,0,0,0,0,0,0,0,0,0,0,0,24,0,0,0,0,0,0,0,0,0,0,3,0,0,0,0,0,0,0,0,0,0,0,0,0,0,0,0,0,0,0,0,0,0,0,43,0,0,238,0,0,0,0,0,0,0,0,0,0,0,0,0,0,0,0,0,0,0,35
1772305887.519875,29428741,56755132,52759961,53452006,55745931,57262308,53401475,54301116,56864081,56948281,55581827,58413738,54213128,55711299,53140566,53133356,51609795,53655289,51043501,50758696,50259566,49268775,48150920,52539793,50369778,50171136,49950974,47005451,50875565,49731654,49054006,5835631,4091032,3791172,3726405,3978576,3944921,3900696,3846328,3970287,4242334,4274961,3814733,3740626,3783276,3905561,4105946,4134685,3677087,3759079,3857182,4066485,4250087,3527840,4045170,4220032,4309492,3894801,4292161,3943945,4264731,4178594,3765196,3856359,4163889,4225167,4172675,3960884,4213380,4327063,3916089,3984692,4171741,4253072,4329062,4508965,4138271,3823262,3808500,4140406,4043689,4100365,4666613,4161251,3937681,3992830,4204998,3909322,3905172,4199857,3989898,3875157,3777753,4249840,3900111,4257120,4121685,4127433,3910412,3831361,3802368,4053774,3999048,4230201,3915819,3951455,4123091,4258776,3888617,4453692,4092788,3928114,0,0,0,0,0,0,0,0,0,0,0,0,0,0,0,0,0,0,0,0,0,0,0,0,0,0,0,0,0,0,0,0,0,0,0,124,0,0,0,0,0,0,0,0,0,0,0,0,0,0,0,0,0,24,0,0,0,0,0,0,0,0,0,0,3,0,0,0,0,0,0,0,0,0,0,0,0,0,0,0,0,0,0,0,0,0,0,0,43,0,0,238,0,0,0,0,0,0,0,0,0,0,0,0,0,0,0,0,0,0,0,35
1772305888.569721,29449412,56810761,52805968,53500432,55802284,57318891,53449573,54348135,56923401,57010346,55635832,58474105,54268186,55764719,53187095,53181740,51664499,53712627,51089827,50810846,50313232,49315828,48192584,52595560,50427728,50224264,50007789,47048816,50929701,49784852,49086885,5835631,4091032,3791172,3726405,3978576,3944921,3900696,3846328,3970287,4242334,4274961,3814733,3740626,3783276,3905561,4105946,4134685,3677087,3759079,3857182,4066485,4250087,3527840,4045170,4220032,4309492,3894801,4292161,3943945,4264731,4178594,3765196,3856359,4163889,4225167,4172675,3960884,4213380,4327063,3916089,3984692,4171741,4253072,4329062,4508965,4138271,3823262,3808500,4140406,4043689,4100365,4666613,4161251,3937681,3992830,4204998,3909322,3905172,4199857,3989898,3875157,3777753,4249840,3900111,4257120,4121685,4127433,3910412,3831361,3802368,4053774,3999048,4230201,3915819,3951455,4123091,4258776,3888617,4453692,4092788,3928114,0,0,0,0,0,0,0,0,0,0,0,0,0,0,0,0,0,0,0,0,0,0,0,0,0,0,0,0,0,0,0,0,0,0,0,124,0,0,0,0,0,0,0,0,0,0,0,0,0,0,0,0,0,24,0,0,0,0,0,0,0,0,0,0,3,0,0,0,0,0,0,0,0,0,0,0,0,0,0,0,0,0,0,0,0,0,0,0,43,0,0,238,0,0,0,0,0,0,0,0,0,0,0,0,0,0,0,0,0,0,0,35
1772305889.619634,29470120,56865887,52851983,53548473,55858225,57375568,53497204,54395094,56982324,57071946,55689883,58533847,54323111,55818077,53233350,53229573,51718958,53769684,51135664,50863009,50366421,49362729,48233757,52650653,50485671,50277460,50064218,47092177,50983601,49837763,49119548,5835631,4091032,3791172,3726405,3978576,3944921,3900696,3846328,3970287,4242334,4274961,3814733,3740626,3783276,3905561,4105946,4134685,3677087,3759079,3857182,4066485,4250087,3527840,4045170,4220032,4309492,3894801,4292161,3943945,4264731,4178594,3765196,3856359,4163889,4225167,4172675,3960884,4213380,4327063,3916089,3984692,4171741,4253072,4329062,4508965,4138271,3823262,3808500,4140406,4043689,4100365,4666613,4161251,3937681,3992830,4204998,3909322,3905172,4199857,3989898,3875157,3777753,4249840,3900111,4257120,4121685,4127433,3910412,3831361,3802368,4053774,3999048,4230201,3915819,3951455,4123091,4258776,3888617,4453692,4092788,3928114,0,0,0,0,0,0,0,0,0,0,0,0,0,0,0,0,0,0,0,0,0,0,0,0,0,0,0,0,0,0,0,0,0,0,0,124,0,0,0,0,0,0,0,0,0,0,0,0,0,0,0,0,0,24,0,0,0,0,0,0,0,0,0,0,3,0,0,0,0,0,0,0,0,0,0,0,0,0,0,0,0,0,0,0,0,0,0,0,43,0,0,238,0,0,0,0,0,0,0,0,0,0,0,0,0,0,0,0,0,0,0,35
1772305890.669643,29490644,56920681,52897331,53596537,55913824,57431700,53544230,54441350,57040971,57133236,55742949,58593397,54377442,55871161,53279337,53277287,51773072,53826237,51180983,50914323,50418961,49409162,48274730,52705487,50542707,50330048,50120038,47135028,51037028,49889739,49151964,5835631,4091032,3791172,3726405,3978576,3944921,3900696,3846328,3970287,4242334,4274961,3814733,3740626,3783276,3905561,4105946,4134685,3677087,3759079,3857182,4066485,4250087,3527840,4045170,4220032,4309492,3894801,4292161,3943945,4264731,4178594,3765196,3856359,4163889,4225167,4172675,3960884,4213380,4327063,3916089,3984692,4171741,4253072,4329062,4508965,4138271,3823262,3808500,4140406,4043689,4100365,4666613,4161251,3937681,3992830,4204998,3909322,3905172,4199857,3989898,3875157,3777753,4249840,3900111,4257120,4121685,4127433,3910412,3831361,3802368,4053774,3999048,4230201,3915819,3951455,4123091,4258776,3888617,4453692,4092788,3928114,0,0,0,0,0,0,0,0,0,0,0,0,0,0,0,0,0,0,0,0,0,0,0,0,0,0,0,0,0,0,0,0,0,0,0,124,0,0,0,0,0,0,0,0,0,0,0,0,0,0,0,0,0,24,0,0,0,0,0,0,0,0,0,0,3,0,0,0,0,0,0,0,0,0,0,0,0,0,0,0,0,0,0,0,0,0,0,0,43,0,0,238,0,0,0,0,0,0,0,0,0,0,0,0,0,0,0,0,0,0,0,35
1772305891.719526,29511117,56975441,52943057,53644735,55969378,57487952,53591263,54487803,57099448,57194289,55796530,58652763,54432146,55924258,53325237,53325320,51827295,53883058,51226646,50965728,50472169,49455693,48315748,52760451,50600227,50382798,50175974,47178216,51090796,49941719,49184710,5835631,4091032,3791172,3726405,3978576,3944921,3900696,3846328,3970287,4242334,4274961,3814733,3740626,3783276,3905561,4105946,4134685,3677087,3759079,3857182,4066485,4250087,3527840,4045170,4220032,4309492,3894801,4292161,3943945,4264731,4178594,3765196,3856359,4163889,4225167,4172675,3960884,4213380,4327063,3916089,3984692,4171741,4253072,4329062,4508965,4138271,3823262,3808500,4140406,4043689,4100365,4666613,4161251,3937681,3992830,4204998,3909322,3905172,4199857,3989898,3875157,3777753,4249840,3900111,4257120,4121685,4127433,3910412,3831361,3802368,4053774,3999048,4230201,3915819,3951455,4123091,4258776,3888617,4453692,4092788,3928114,0,0,0,0,0,0,0,0,0,0,0,0,0,0,0,0,0,0,0,0,0,0,0,0,0,0,0,0,0,0,0,0,0,0,0,124,0,0,0,0,0,0,0,0,0,0,0,0,0,0,0,0,0,24,0,0,0,0,0,0,0,0,0,0,3,0,0,0,0,0,0,0,0,0,0,0,0,0,0,0,0,0,0,0,0,0,0,0,43,0,0,238,0,0,0,0,0,0,0,0,0,0,0,0,0,0,0,0,0,0,0,35
1772305892.769669,29531630,57030997,52988773,53692667,56025046,57544614,53638535,54534686,57158676,57256059,55850516,58712973,54487168,55977681,53371637,53373708,51881609,53940054,51272602,51017664,50525735,49502540,48356963,52816033,50658040,50435883,50232149,47221440,51144708,49994271,49217356,5835631,4091032,3791172,3726405,3978576,3944921,3900696,3846328,3970287,4242334,4274961,3814733,3740626,3783276,3905561,4105946,4134685,3677087,3759079,3857182,4066485,4250087,3527840,4045170,4220032,4309492,3894801,4292161,3943945,4264731,4178594,3765196,3856359,4163889,4225167,4172675,3960884,4213380,4327063,3916089,3984692,4171741,4253072,4329062,4508965,4138271,3823262,3808500,4140406,4043689,4100365,4666613,4161251,3937681,3992830,4204998,3909322,3905172,4199857,3989898,3875157,3777753,4249840,3900111,4257120,4121685,4127433,3910412,3831361,3802368,4053774,3999048,4230201,3915819,3951455,4123091,4258776,3888617,4453692,4092788,3928114,0,0,0,0,0,0,0,0,0,0,0,0,0,0,0,0,0,0,0,0,0,0,0,0,0,0,0,0,0,0,0,0,0,0,0,124,0,0,0,0,0,0,0,0,0,0,0,0,0,0,0,0,0,24,0,0,0,0,0,0,0,0,0,0,3,0,0,0,0,0,0,0,0,0,0,0,0,0,0,0,0,0,0,0,0,0,0,0,43,0,0,238,0,0,0,0,0,0,0,0,0,0,0,0,0,0,0,0,0,0,0,35
1772305893.819758,29552136,57086731,53034883,53741042,56081153,57601522,53686079,54581945,57217966,57317975,55904828,58773299,54542417,56031318,53417972,53421854,51936175,53997433,51319063,51069920,50579219,49549542,48398125,52871610,50716237,50489359,50288706,47265053,51198879,50047347,49250639,5835631,4091032,3791172,3726405,3978576,3944921,3900696,3846328,3970287,4242334,4274961,3814733,3740626,3783276,3905561,4105946,4134685,3677087,3759079,3857182,4066485,4250087,3527840,4045170,4220032,4309492,3894801,4292161,3943945,4264731,4178594,3765196,3856359,4163889,4225167,4172675,3960884,4213380,4327063,3916089,3984692,4171741,4253072,4329062,4508965,4138271,3823262,3808500,4140406,4043689,4100365,4666613,4161251,3937681,3992830,4204998,3909322,3905172,4199857,3989898,3875157,3777753,4249840,3900111,4257120,4121685,4127433,3910412,3831361,3802368,4053774,3999048,4230201,3915819,3951455,4123091,4258776,3888617,4453692,4092788,3928114,0,0,0,0,0,0,0,0,0,0,0,0,0,0,0,0,0,0,0,0,0,0,0,0,0,0,0,0,0,0,0,0,0,0,0,124,0,0,0,0,0,0,0,0,0,0,0,0,0,0,0,0,0,24,0,0,0,0,0,0,0,0,0,0,3,0,0,0,0,0,0,0,0,0,0,0,0,0,0,0,0,0,0,0,0,0,0,0,43,0,0,238,0,0,0,0,0,0,0,0,0,0,0,0,0,0,0,0,0,0,0,35
1772305894.869198,29572776,57142109,53081175,53789539,56137330,57658131,53733719,54628846,57277228,57379417,55958639,58833438,54597430,56084859,53464344,53469538,51990441,54054413,51365107,51121871,50632444,49596831,48439658,52927211,50773936,50542956,50344901,47308529,51252870,50100157,49283714,5835631,4091032,3791172,3726405,3978576,3944921,3900696,3846328,3970287,4242334,4274961,3814733,3740626,3783276,3905561,4105946,4134685,3677087,3759079,3857182,4066485,4250087,3527840,4045170,4220032,4309492,3894801,4292161,3943945,4264731,4178594,3765196,3856359,4163889,4225167,4172675,3960884,4213380,4327063,3916089,3984692,4171741,4253072,4329062,4508965,4138271,3823262,3808500,4140406,4043689,4100365,4666613,4161251,3937681,3992830,4204998,3909322,3905172,4199857,3989898,3875157,3777753,4249840,3900111,4257120,4121685,4127433,3910412,3831361,3802368,4053774,3999048,4230201,3915819,3951455,4123091,4258776,3888617,4453692,4092788,3928114,0,0,0,0,0,0,0,0,0,0,0,0,0,0,0,0,0,0,0,0,0,0,0,0,0,0,0,0,0,0,0,0,0,0,0,124,0,0,0,0,0,0,0,0,0,0,0,0,0,0,0,0,0,24,0,0,0,0,0,0,0,0,0,0,3,0,0,0,0,0,0,0,0,0,0,0,0,0,0,0,0,0,0,0,0,0,0,0,43,0,0,238,0,0,0,0,0,0,0,0,0,0,0,0,0,0,0,0,0,0,0,35
1772305895.918680,29592969,57197301,53126786,53837779,56193045,57714637,53780950,54675835,57336294,57440701,56012388,58893493,54652666,56138580,53510542,53517769,52044695,54111411,51411132,51173915,50685728,49643630,48480946,52982693,50831585,50596024,50401055,47351550,51306732,50153075,49316554,5835631,4091032,3791172,3726405,3978576,3944921,3900696,3846328,3970287,4242334,4274961,3814733,3740626,3783276,3905561,4105946,4134685,3677087,3759079,3857182,4066485,4250087,3527840,4045170,4220032,4309492,3894801,4292161,3943945,4264731,4178594,3765196,3856359,4163889,4225167,4172675,3960884,4213380,4327063,3916089,3984692,4171741,4253072,4329062,4508965,4138271,3823262,3808500,4140406,4043689,4100365,4666613,4161251,3937681,3992830,4204998,3909322,3905172,4199857,3989898,3875157,3777753,4249840,3900111,4257120,4121685,4127433,3910412,3831361,3802368,4053774,3999048,4230201,3915819,3951455,4123091,4258776,3888617,4453692,4092788,3928114,0,0,0,0,0,0,0,0,0,0,0,0,0,0,0,0,0,0,0,0,0,0,0,0,0,0,0,0,0,0,0,0,0,0,0,124,0,0,0,0,0,0,0,0,0,0,0,0,0,0,0,0,0,24,0,0,0,0,0,0,0,0,0,0,3,0,0,0,0,0,0,0,0,0,0,0,0,0,0,0,0,0,0,0,0,0,0,0,43,0,0,238,0,0,0,0,0,0,0,0,0,0,0,0,0,0,0,0,0,0,0,35
1772305896.968283,29613391,57252705,53172975,53886414,56249057,57771270,53828552,54722775,57395655,57502599,56066324,58953975,54708233,56192218,53557224,53566089,52099476,54168746,51457572,51226222,50739728,49690665,48522469,53038713,50889507,50649608,50457698,47395246,51361195,50206287,49349526,5835631,4091032,3791172,3726405,3978576,3944921,3900696,3846328,3970287,4242334,4274961,3814733,3740626,3783276,3905561,4105946,4134685,3677087,3759079,3857182,4066485,4250087,3527840,4045170,4220032,4309492,3894801,4292161,3943945,4264731,4178594,3765196,3856359,4163889,4225167,4172675,3960884,4213380,4327063,3916089,3984692,4171741,4253072,4329062,4508965,4138271,3823262,3808500,4140406,4043689,4100365,4666613,4161251,3937681,3992830,4204998,3909322,3905172,4199857,3989898,3875157,3777753,4249840,3900111,4257120,4121685,4127433,3910412,3831361,3802368,4053774,3999048,4230201,3915819,3951455,4123091,4258776,3888617,4453692,4092788,3928114,0,0,0,0,0,0,0,0,0,0,0,0,0,0,0,0,0,0,0,0,0,0,0,0,0,0,0,0,0,0,0,0,0,0,0,124,0,0,0,0,0,0,0,0,0,0,0,0,0,0,0,0,0,24,0,0,0,0,0,0,0,0,0,0,3,0,0,0,0,0,0,0,0,0,0,0,0,0,0,0,0,0,0,0,0,0,0,0,43,0,0,238,0,0,0,0,0,0,0,0,0,0,0,0,0,0,0,0,0,0,0,35
1772305898.015128,29633392,57308285,53218507,53933042,56305159,57828465,53876747,54770487,57459499,57568352,56122256,59018390,54764315,56247786,53602524,53615919,52154022,54222143,51503845,51278644,50796810,49738186,48564957,53096042,50948291,50703871,50511058,47439193,51414807,50260780,49381247,5835631,4091032,3791172,3726405,3978576,3944921,3900696,3846328,3970287,4242334,4274961,3814733,3740626,3783276,3905561,4105946,4134685,3677087,3759079,3857182,4066485,4250087,3527840,4045170,4220032,4309492,3894801,4292161,3943945,4264731,4178594,3765196,3856359,4163889,4225167,4172675,3960884,4213380,4327063,3916089,3984692,4171741,4253072,4329062,4508965,4138271,3823262,3808500,4140406,4043689,4100365,4666613,4161251,3937681,3992830,4204998,3909322,3905172,4199857,3989898,3875157,3777753,4249840,3900111,4257120,4121685,4127433,3910412,3831361,3802368,4053774,3999048,4230201,3915819,3951455,4123091,4258776,3888617,4453692,4092788,3928114,0,0,0,0,0,0,0,0,0,0,0,0,0,0,0,0,0,0,0,0,0,0,0,0,0,0,0,0,0,0,0,0,0,0,0,124,0,0,0,0,0,0,0,0,0,0,0,0,0,0,0,0,0,24,0,0,0,0,0,0,0,0,0,0,3,0,0,0,0,0,0,0,0,0,0,0,0,0,0,0,0,0,0,0,0,0,0,0,43,0,0,238,0,0,0,0,0,0,0,0,0,0,0,0,0,0,0,0,0,0,0,35
1772305899.064673,29653596,57364026,53264433,53980007,56361614,57886031,53925344,54818681,57523271,57634218,56178166,59082723,54820198,56303381,53647874,53666063,52208638,54275516,51550511,51330986,50853491,49785829,48607603,53153166,51007068,50758215,50565286,47483034,51468649,50315188,49413337,5835631,4091032,3791172,3726405,3978576,3944921,3900696,3846328,3970287,4242334,4274961,3814733,3740626,3783276,3905561,4105946,4134685,3677087,3759079,3857182,4066485,4250087,3527840,4045170,4220032,4309492,3894801,4292161,3943945,4264731,4178594,3765196,3856359,4163889,4225167,4172675,3960884,4213380,4327063,3916089,3984692,4171741,4253072,4329062,4508965,4138271,3823262,3808500,4140406,4043689,4100365,4666613,4161251,3937681,3992830,4204998,3909322,3905172,4199857,3989898,3875157,3777753,4249840,3900111,4257120,4121685,4127433,3910412,3831361,3802368,4053774,3999048,4230201,3915819,3951455,4123091,4258776,3888617,4453692,4092788,3928114,0,0,0,0,0,0,0,0,0,0,0,0,0,0,0,0,0,0,0,0,0,0,0,0,0,0,0,0,0,0,0,0,0,0,0,124,0,0,0,0,0,0,0,0,0,0,0,0,0,0,0,0,0,24,0,0,0,0,0,0,0,0,0,0,3,0,0,0,0,0,0,0,0,0,0,0,0,0,0,0,0,0,0,0,0,0,0,0,43,0,0,238,0,0,0,0,0,0,0,0,0,0,0,0,0,0,0,0,0,0,0,35
1772305900.113958,29673629,57420062,53310273,54027434,56418238,57944153,53974299,54867183,57587680,57700781,56234222,59148175,54876770,56359545,53693905,53716464,52263603,54329199,51597294,51383735,50910405,49833859,48650264,53210448,51066686,50813209,50619558,47527455,51522811,50369940,49445511,5835631,4091032,3791172,3726405,3978576,3944921,3900696,3846328,3970287,4242334,4274961,3814733,3740626,3783276,3905561,4105946,4134685,3677087,3759079,3857182,4066485,4250087,3527840,4045170,4220032,4309492,3894801,4292161,3943945,4264731,4178594,3765196,3856359,4163889,4225167,4172675,3960884,4213380,4327063,3916089,3984692,4171741,4253072,4329062,4508965,4138271,3823262,3808500,4140406,4043689,4100365,4666613,4161251,3937681,3992830,4204998,3909322,3905172,4199857,3989898,3875157,3777753,4249840,3900111,4257120,4121685,4127433,3910412,3831361,3802368,4053774,3999048,4230201,3915819,3951455,4123091,4258776,3888617,4453692,4092788,3928114,0,0,0,0,0,0,0,0,0,0,0,0,0,0,0,0,0,0,0,0,0,0,0,0,0,0,0,0,0,0,0,0,0,0,0,124,0,0,0,0,0,0,0,0,0,0,0,0,0,0,0,0,0,24,0,0,0,0,0,0,0,0,0,0,3,0,0,0,0,0,0,0,0,0,0,0,0,0,0,0,0,0,0,0,0,0,0,0,43,0,0,238,0,0,0,0,0,0,0,0,0,0,0,0,0,0,0,0,0,0,0,35
1772305901.162622,29693764,57475824,53356080,54074973,56474933,58002022,54022797,54915581,57652179,57767179,56290720,59213075,54933012,56415642,53739983,53767111,52318771,54382920,51643989,51436552,50967543,49881848,48692897,53268123,51126080,50868118,50673776,47571771,51577207,50424599,49477706,5835631,4091032,3791172,3726405,3978576,3944921,3900696,3846328,3970287,4242334,4274961,3814733,3740626,3783276,3905561,4105946,4134685,3677087,3759079,3857182,4066485,4250087,3527840,4045170,4220032,4309492,3894801,4292161,3943945,4264731,4178594,3765196,3856359,4163889,4225167,4172675,3960884,4213380,4327063,3916089,3984692,4171741,4253072,4329062,4508965,4138271,3823262,3808500,4140406,4043689,4100365,4666613,4161251,3937681,3992830,4204998,3909322,3905172,4199857,3989898,3875157,3777753,4249840,3900111,4257120,4121685,4127433,3910412,3831361,3802368,4053774,3999048,4230201,3915819,3951455,4123091,4258776,3888617,4453692,4092788,3928114,0,0,0,0,0,0,0,0,0,0,0,0,0,0,0,0,0,0,0,0,0,0,0,0,0,0,0,0,0,0,0,0,0,0,0,124,0,0,0,0,0,0,0,0,0,0,0,0,0,0,0,0,0,24,0,0,0,0,0,0,0,0,0,0,3,0,0,0,0,0,0,0,0,0,0,0,0,0,0,0,0,0,0,0,0,0,0,0,43,0,0,238,0,0,0,0,0,0,0,0,0,0,0,0,0,0,0,0,0,0,0,35
1772305902.211913,29713708,57531087,53401991,54121687,56531072,58059361,54071103,54963401,57716161,57833186,56346873,59277431,54988620,56471363,53785364,53817274,52373357,54436253,51690405,51488466,51023908,49929684,48734889,53324980,51184427,50922156,50727655,47615568,51630787,50478612,49509362,5835631,4091032,3791172,3726405,3978576,3944921,3900696,3846328,3970287,4242334,4274961,3814733,3740626,3783276,3905561,4105946,4134685,3677087,3759079,3857182,4066485,4250087,3527840,4045170,4220032,4309492,3894801,4292161,3943945,4264731,4178594,3765196,3856359,4163889,4225167,4172675,3960884,4213380,4327063,3916089,3984692,4171741,4253072,4329062,4508965,4138271,3823262,3808500,4140406,4043689,4100365,4666613,4161251,3937681,3992830,4204998,3909322,3905172,4199857,3989898,3875157,3777753,4249840,3900111,4257120,4121685,4127433,3910412,3831361,3802368,4053774,3999048,4230201,3915819,3951455,4123091,4258776,3888617,4453692,4092788,3928114,0,0,0,0,0,0,0,0,0,0,0,0,0,0,0,0,0,0,0,0,0,0,0,0,0,0,0,0,0,0,0,0,0,0,0,124,0,0,0,0,0,0,0,0,0,0,0,0,0,0,0,0,0,24,0,0,0,0,0,0,0,0,0,0,3,0,0,0,0,0,0,0,0,0,0,0,0,0,0,0,0,0,0,0,0,0,0,0,43,0,0,238,0,0,0,0,0,0,0,0,0,0,0,0,0,0,0,0,0,0,0,35
1772305903.260636,29733975,57587302,53448459,54169069,56588229,58117481,54119860,55011729,57780715,57899940,56403744,59342678,55045322,56527770,53831037,53868049,52428504,54490266,51737406,51541614,51081267,49977920,48777681,53382708,51243957,50977049,50782299,47660133,51685013,50533360,49541553,5835631,4091032,3791172,3726405,3978576,3944921,3900696,3846328,3970287,4242334,4274961,3814733,3740626,3783276,3905561,4105946,4134685,3677087,3759079,3857182,4066485,4250087,3527840,4045170,4220032,4309492,3894801,4292161,3943945,4264731,4178594,3765196,3856359,4163889,4225167,4172675,3960884,4213380,4327063,3916089,3984692,4171741,4253072,4329062,4508965,4138271,3823262,3808500,4140406,4043689,4100365,4666613,4161251,3937681,3992830,4204998,3909322,3905172,4199857,3989898,3875157,3777753,4249840,3900111,4257120,4121685,4127433,3910412,3831361,3802368,4053774,3999048,4230201,3915819,3951455,4123091,4258776,3888617,4453692,4092788,3928114,0,0,0,0,0,0,0,0,0,0,0,0,0,0,0,0,0,0,0,0,0,0,0,0,0,0,0,0,0,0,0,0,0,0,0,124,0,0,0,0,0,0,0,0,0,0,0,0,0,0,0,0,0,24,0,0,0,0,0,0,0,0,0,0,3,0,0,0,0,0,0,0,0,0,0,0,0,0,0,0,0,0,0,0,0,0,0,0,43,0,0,238,0,0,0,0,0,0,0,0,0,0,0,0,0,0,0,0,0,0,0,35
1772305904.310942,29754025,57643423,53494560,54216238,56644958,58175205,54168838,55059711,57844875,57966187,56460070,59407875,55101821,56583904,53876872,53918494,52483309,54543992,51784292,51594284,51138297,50025857,48820397,53440247,51303137,51031716,50836401,47704352,51738944,50587969,49573543,5835631,4091032,3791172,3726405,3978576,3944921,3900696,3846328,3970287,4242334,4274961,3814733,3740626,3783276,3905561,4105946,4134685,3677087,3759079,3857182,4066485,4250087,3527840,4045170,4220032,4309492,3894801,4292161,3943945,4264731,4178594,3765196,3856359,4163889,4225167,4172675,3960884,4213380,4327063,3916089,3984692,4171741,4253072,4329062,4508965,4138271,3823262,3808500,4140406,4043689,4100365,4666613,4161251,3937681,3992830,4204998,3909322,3905172,4199857,3989898,3875157,3777753,4249840,3900111,4257120,4121685,4127433,3910412,3831361,3802368,4053774,3999048,4230201,3915819,3951455,4123091,4258776,3888617,4453692,4092788,3928114,0,0,0,0,0,0,0,0,0,0,0,0,0,0,0,0,0,0,0,0,0,0,0,0,0,0,0,0,0,0,0,0,0,0,0,124,0,0,0,0,0,0,0,0,0,0,0,0,0,0,0,0,0,24,0,0,0,0,0,0,0,0,0,0,3,0,0,0,0,0,0,0,0,0,0,0,0,0,0,0,0,0,0,0,0,0,0,0,43,0,0,238,0,0,0,0,0,0,0,0,0,0,0,0,0,0,0,0,0,0,0,35
1772305905.360993,29774112,57699706,53540559,54263343,56701724,58232815,54217517,55107775,57909428,58032511,56515977,59472805,55158288,56639947,53922902,53968871,52538328,54597648,51830883,51646959,51195312,50073523,48862964,53497772,51362399,51086364,50890502,47748623,51793302,50642805,49605536,5835631,4091032,3791172,3726405,3978576,3944921,3900696,3846328,3970287,4242334,4274961,3814733,3740626,3783276,3905561,4105946,4134685,3677087,3759079,3857182,4066485,4250087,3527840,4045170,4220032,4309492,3894801,4292161,3943945,4264731,4178594,3765196,3856359,4163889,4225167,4172675,3960884,4213380,4327063,3916089,3984692,4171741,4253072,4329062,4508965,4138271,3823262,3808500,4140406,4043689,4100365,4666613,4161251,3937681,3992830,4204998,3909322,3905172,4199857,3989898,3875157,3777753,4249840,3900111,4257120,4121685,4127433,3910412,3831361,3802368,4053774,3999048,4230201,3915819,3951455,4123091,4258776,3888617,4453692,4092788,3928114,0,0,0,0,0,0,0,0,0,0,0,0,0,0,0,0,0,0,0,0,0,0,0,0,0,0,0,0,0,0,0,0,0,0,0,124,0,0,0,0,0,0,0,0,0,0,0,0,0,0,0,0,0,24,0,0,0,0,0,0,0,0,0,0,3,0,0,0,0,0,0,0,0,0,0,0,0,0,0,0,0,0,0,0,0,0,0,0,43,0,0,238,0,0,0,0,0,0,0,0,0,0,0,0,0,0,0,0,0,0,0,35
1772305906.411406,29794144,57755322,53586063,54310122,56757816,58289895,54265707,55155050,57973109,58098225,56571704,59536591,55214244,56695511,53968369,54018401,52592982,54650718,51877155,51699310,51252010,50121097,48905306,53554726,51420956,51140161,50944319,47792373,51847082,50696928,49637443,5835631,4091032,3791172,3726405,3978576,3944921,3900696,3846328,3970287,4242334,4274961,3814733,3740626,3783276,3905561,4105946,4134685,3677087,3759079,3857182,4066485,4250087,3527840,4045170,4220032,4309492,3894801,4292161,3943945,4264731,4178594,3765196,3856359,4163889,4225167,4172675,3960884,4213380,4327063,3916089,3984692,4171741,4253072,4329062,4508965,4138271,3823262,3808500,4140406,4043689,4100365,4666613,4161251,3937681,3992830,4204998,3909322,3905172,4199857,3989898,3875157,3777753,4249840,3900111,4257120,4121685,4127433,3910412,3831361,3802368,4053774,3999048,4230201,3915819,3951455,4123091,4258776,3888617,4453692,4092788,3928114,0,0,0,0,0,0,0,0,0,0,0,0,0,0,0,0,0,0,0,0,0,0,0,0,0,0,0,0,0,0,0,0,0,0,0,124,0,0,0,0,0,0,0,0,0,0,0,0,0,0,0,0,0,24,0,0,0,0,0,0,0,0,0,0,3,0,0,0,0,0,0,0,0,0,0,0,0,0,0,0,0,0,0,0,0,0,0,0,43,0,0,238,0,0,0,0,0,0,0,0,0,0,0,0,0,0,0,0,0,0,0,35
1772305907.461248,29814149,57811746,53632085,54357616,56814693,58347611,54314303,55203147,58037902,58164351,56628168,59601220,55270723,56751576,54014251,54068646,52648043,54704504,51924145,51751904,51308947,50168990,48948171,53612008,51480279,51194990,50998611,47836911,51901142,50751483,49669604,5835631,4091032,3791172,3726405,3978576,3944921,3900696,3846328,3970287,4242334,4274961,3814733,3740626,3783276,3905561,4105946,4134685,3677087,3759079,3857182,4066485,4250087,3527840,4045170,4220032,4309492,3894801,4292161,3943945,4264731,4178594,3765196,3856359,4163889,4225167,4172675,3960884,4213380,4327063,3916089,3984692,4171741,4253072,4329062,4508965,4138271,3823262,3808500,4140406,4043689,4100365,4666613,4161251,3937681,3992830,4204998,3909322,3905172,4199857,3989898,3875157,3777753,4249840,3900111,4257120,4121685,4127433,3910412,3831361,3802368,4053774,3999048,4230201,3915819,3951455,4123091,4258776,3888617,4453692,4092788,3928114,0,0,0,0,0,0,0,0,0,0,0,0,0,0,0,0,0,0,0,0,0,0,0,0,0,0,0,0,0,0,0,0,0,0,0,124,0,0,0,0,0,0,0,0,0,0,0,0,0,0,0,0,0,24,0,0,0,0,0,0,0,0,0,0,3,0,0,0,0,0,0,0,0,0,0,0,0,0,0,0,0,0,0,0,0,0,0,0,43,0,0,238,0,0,0,0,0,0,0,0,0,0,0,0,0,0,0,0,0,0,0,35
1772305908.511602,29834211,57868408,53678127,54404854,56871616,58405544,54363168,55251781,58102500,58230780,56684683,59666868,55327519,56807678,54060493,54119371,52703124,54758720,51971226,51804768,51365918,50217093,48991043,53669622,51539596,51250157,51052707,47881745,51955472,50806011,49702138,5835631,4091032,3791172,3726405,3978576,3944921,3900696,3846328,3970287,4242334,4274961,3814733,3740626,3783276,3905561,4105946,4134685,3677087,3759079,3857182,4066485,4250087,3527840,4045170,4220032,4309492,3894801,4292161,3943945,4264731,4178594,3765196,3856359,4163889,4225167,4172675,3960884,4213380,4327063,3916089,3984692,4171741,4253072,4329062,4508965,4138271,3823262,3808500,4140406,4043689,4100365,4666613,4161251,3937681,3992830,4204998,3909322,3905172,4199857,3989898,3875157,3777753,4249840,3900111,4257120,4121685,4127433,3910412,3831361,3802368,4053774,3999048,4230201,3915819,3951455,4123091,4258776,3888617,4453692,4092788,3928114,0,0,0,0,0,0,0,0,0,0,0,0,0,0,0,0,0,0,0,0,0,0,0,0,0,0,0,0,0,0,0,0,0,0,0,124,0,0,0,0,0,0,0,0,0,0,0,0,0,0,0,0,0,24,0,0,0,0,0,0,0,0,0,0,3,0,0,0,0,0,0,0,0,0,0,0,0,0,0,0,0,0,0,0,0,0,0,0,43,0,0,238,0,0,0,0,0,0,0,0,0,0,0,0,0,0,0,0,0,0,0,35
1772305909.561885,29854464,57924468,53724105,54451854,56927988,58463074,54411372,55299847,58166820,58297126,56740991,59731189,55384132,56863749,54106274,54169475,52758055,54812655,52017874,51857521,51423027,50265061,49033319,53727190,51598667,51304658,51106943,47925692,52009435,50860195,49734158,5835631,4091032,3791172,3726405,3978576,3944921,3900696,3846328,3970287,4242334,4274961,3814733,3740626,3783276,3905561,4105946,4134685,3677087,3759079,3857182,4066485,4250087,3527840,4045170,4220032,4309492,3894801,4292161,3943945,4264731,4178594,3765196,3856359,4163889,4225167,4172675,3960884,4213380,4327063,3916089,3984692,4171741,4253072,4329062,4508965,4138271,3823262,3808500,4140406,4043689,4100365,4666613,4161251,3937681,3992830,4204998,3909322,3905172,4199857,3989898,3875157,3777753,4249840,3900111,4257120,4121685,4127433,3910412,3831361,3802368,4053774,3999048,4230201,3915819,3951455,4123091,4258776,3888617,4453692,4092788,3928114,0,0,0,0,0,0,0,0,0,0,0,0,0,0,0,0,0,0,0,0,0,0,0,0,0,0,0,0,0,0,0,0,0,0,0,124,0,0,0,0,0,0,0,0,0,0,0,0,0,0,0,0,0,24,0,0,0,0,0,0,0,0,0,0,3,0,0,0,0,0,0,0,0,0,0,0,0,0,0,0,0,0,0,0,0,0,0,0,43,0,0,238,0,0,0,0,0,0,0,0,0,0,0,0,0,0,0,0,0,0,0,35
1772305910.611357,29874450,57979826,53769777,54498839,56984398,58521037,54459654,55347621,58231187,58362991,56797374,59795943,55440177,56919292,54152274,54219543,52813001,54865673,52064416,51910004,51479799,50312815,49075829,53784425,51657498,51359029,51160995,47969552,52063047,50914275,49765950,5835631,4091032,3791172,3726405,3978576,3944921,3900696,3846328,3970287,4242334,4274961,3814733,3740626,3783276,3905561,4105946,4134685,3677087,3759079,3857182,4066485,4250087,3527840,4045170,4220032,4309492,3894801,4292161,3943945,4264731,4178594,3765196,3856359,4163889,4225167,4172675,3960884,4213380,4327063,3916089,3984692,4171741,4253072,4329062,4508965,4138271,3823262,3808500,4140406,4043689,4100365,4666613,4161251,3937681,3992830,4204998,3909322,3905172,4199857,3989898,3875157,3777753,4249840,3900111,4257120,4121685,4127433,3910412,3831361,3802368,4053774,3999048,4230201,3915819,3951455,4123091,4258776,3888617,4453692,4092788,3928114,0,0,0,0,0,0,0,0,0,0,0,0,0,0,0,0,0,0,0,0,0,0,0,0,0,0,0,0,0,0,0,0,0,0,0,124,0,0,0,0,0,0,0,0,0,0,0,0,0,0,0,0,0,24,0,0,0,0,0,0,0,0,0,0,3,0,0,0,0,0,0,0,0,0,0,0,0,0,0,0,0,0,0,0,0,0,0,0,43,0,0,238,0,0,0,0,0,0,0,0,0,0,0,0,0,0,0,0,0,0,0,35
1772305911.660675,29894257,58035549,53815356,54545795,57040787,58578789,54507856,55395685,58295763,58429390,56853677,59859501,55496380,56975225,54197928,54269666,52867986,54919229,52110848,51962456,51536465,50360386,49118422,53841641,51716385,51413535,51214924,48013299,52116998,50968867,49797817,5835631,4091032,3791172,3726405,3978576,3944921,3900696,3846328,3970287,4242334,4274961,3814733,3740626,3783276,3905561,4105946,4134685,3677087,3759079,3857182,4066485,4250087,3527840,4045170,4220032,4309492,3894801,4292161,3943945,4264731,4178594,3765196,3856359,4163889,4225167,4172675,3960884,4213380,4327063,3916089,3984692,4171741,4253072,4329062,4508965,4138271,3823262,3808500,4140406,4043689,4100365,4666613,4161251,3937681,3992830,4204998,3909322,3905172,4199857,3989898,3875157,3777753,4249840,3900111,4257120,4121685,4127433,3910412,3831361,3802368,4053774,3999048,4230201,3915819,3951455,4123091,4258776,3888617,4453692,4092788,3928114,0,0,0,0,0,0,0,0,0,0,0,0,0,0,0,0,0,0,0,0,0,0,0,0,0,0,0,0,0,0,0,0,0,0,0,124,0,0,0,0,0,0,0,0,0,0,0,0,0,0,0,0,0,24,0,0,0,0,0,0,0,0,0,0,3,0,0,0,0,0,0,0,0,0,0,0,0,0,0,0,0,0,0,0,0,0,0,0,43,0,0,238,0,0,0,0,0,0,0,0,0,0,0,0,0,0,0,0,0,0,0,35
1772305912.710154,29914540,58091333,53861590,54593068,57097737,58636942,54556719,55444258,58360515,58496073,56910295,59924375,55553101,57031587,54244363,54320453,52923300,54972707,52157907,52014969,51593888,50408757,49161451,53899600,51776016,51468492,51269589,48057739,52171667,51024053,49830286,5835631,4091032,3791172,3726405,3978576,3944921,3900696,3846328,3970287,4242334,4274961,3814733,3740626,3783276,3905561,4105946,4134685,3677087,3759079,3857182,4066485,4250087,3527840,4045170,4220032,4309492,3894801,4292161,3943945,4264731,4178594,3765196,3856359,4163889,4225167,4172675,3960884,4213380,4327063,3916089,3984692,4171741,4253072,4329062,4508965,4138271,3823262,3808500,4140406,4043689,4100365,4666613,4161251,3937681,3992830,4204998,3909322,3905172,4199857,3989898,3875157,3777753,4249840,3900111,4257120,4121685,4127433,3910412,3831361,3802368,4053774,3999048,4230201,3915819,3951455,4123091,4258776,3888617,4453692,4092788,3928114,0,0,0,0,0,0,0,0,0,0,0,0,0,0,0,0,0,0,0,0,0,0,0,0,0,0,0,0,0,0,0,0,0,0,0,124,0,0,0,0,0,0,0,0,0,0,0,0,0,0,0,0,0,24,0,0,0,0,0,0,0,0,0,0,3,0,0,0,0,0,0,0,0,0,0,0,0,0,0,0,0,0,0,0,0,0,0,0,43,0,0,238,0,0,0,0,0,0,0,0,0,0,0,0,0,0,0,0,0,0,0,35
1772305913.759350,29934387,58147015,53907802,54639670,57153771,58694747,54604783,55492359,58424712,58562699,56966465,59988557,55609657,57087305,54290019,54370537,52978138,55025794,52204425,52067400,51650396,50456330,49203990,53956759,51834960,51523067,51323796,48101884,52225542,51078210,49861991,5835631,4091032,3791172,3726405,3978576,3944921,3900696,3846328,3970287,4242334,4274961,3814733,3740626,3783276,3905561,4105946,4134685,3677087,3759079,3857182,4066485,4250087,3527840,4045170,4220032,4309492,3894801,4292161,3943945,4264731,4178594,3765196,3856359,4163889,4225167,4172675,3960884,4213380,4327063,3916089,3984692,4171741,4253072,4329062,4508965,4138271,3823262,3808500,4140406,4043689,4100365,4666613,4161251,3937681,3992830,4204998,3909322,3905172,4199857,3989898,3875157,3777753,4249840,3900111,4257120,4121685,4127433,3910412,3831361,3802368,4053774,3999048,4230201,3915819,3951455,4123091,4258776,3888617,4453692,4092788,3928114,0,0,0,0,0,0,0,0,0,0,0,0,0,0,0,0,0,0,0,0,0,0,0,0,0,0,0,0,0,0,0,0,0,0,0,124,0,0,0,0,0,0,0,0,0,0,0,0,0,0,0,0,0,24,0,0,0,0,0,0,0,0,0,0,3,0,0,0,0,0,0,0,0,0,0,0,0,0,0,0,0,0,0,0,0,0,0,0,43,0,0,238,0,0,0,0,0,0,0,0,0,0,0,0,0,0,0,0,0,0,0,35
1772305914.808884,29954434,58202792,53953583,54686357,57210161,58752391,54653267,55540533,58488602,58628798,57022455,60052647,55665566,57142945,54335516,54421078,53032674,55079304,52250892,52119654,51707127,50504244,49246121,54013831,51893536,51577450,51377992,48145931,52279489,51132576,49893760,5835631,4091032,3791172,3726405,3978576,3944921,3900696,3846328,3970287,4242334,4274961,3814733,3740626,3783276,3905561,4105946,4134685,3677087,3759079,3857182,4066485,4250087,3527840,4045170,4220032,4309492,3894801,4292161,3943945,4264731,4178594,3765196,3856359,4163889,4225167,4172675,3960884,4213380,4327063,3916089,3984692,4171741,4253072,4329062,4508965,4138271,3823262,3808500,4140406,4043689,4100365,4666613,4161251,3937681,3992830,4204998,3909322,3905172,4199857,3989898,3875157,3777753,4249840,3900111,4257120,4121685,4127433,3910412,3831361,3802368,4053774,3999048,4230201,3915819,3951455,4123091,4258776,3888617,4453692,4092788,3928114,0,0,0,0,0,0,0,0,0,0,0,0,0,0,0,0,0,0,0,0,0,0,0,0,0,0,0,0,0,0,0,0,0,0,0,124,0,0,0,0,0,0,0,0,0,0,0,0,0,0,0,0,0,24,0,0,0,0,0,0,0,0,0,0,3,0,0,0,0,0,0,0,0,0,0,0,0,0,0,0,0,0,0,0,0,0,0,0,43,0,0,238,0,0,0,0,0,0,0,0,0,0,0,0,0,0,0,0,0,0,0,35
1772305915.858295,29974694,58258965,53999599,54733531,57266783,58810203,54702122,55588422,58553152,58695209,57078790,60117357,55721766,57199076,54381325,54471469,53087762,55132607,52297747,52172454,51764371,50552232,49288398,54071354,51952723,51632050,51432202,48190117,52333177,51186762,49925865,5835631,4091032,3791172,3726405,3978576,3944921,3900696,3846328,3970287,4242334,4274961,3814733,3740626,3783276,3905561,4105946,4134685,3677087,3759079,3857182,4066485,4250087,3527840,4045170,4220032,4309492,3894801,4292161,3943945,4264731,4178594,3765196,3856359,4163889,4225167,4172675,3960884,4213380,4327063,3916089,3984692,4171741,4253072,4329062,4508965,4138271,3823262,3808500,4140406,4043689,4100365,4666613,4161251,3937681,3992830,4204998,3909322,3905172,4199857,3989898,3875157,3777753,4249840,3900111,4257120,4121685,4127433,3910412,3831361,3802368,4053774,3999048,4230201,3915819,3951455,4123091,4258776,3888617,4453692,4092788,3928114,0,0,0,0,0,0,0,0,0,0,0,0,0,0,0,0,0,0,0,0,0,0,0,0,0,0,0,0,0,0,0,0,0,0,0,124,0,0,0,0,0,0,0,0,0,0,0,0,0,0,0,0,0,24,0,0,0,0,0,0,0,0,0,0,3,0,0,0,0,0,0,0,0,0,0,0,0,0,0,0,0,0,0,0,0,0,0,0,43,0,0,238,0,0,0,0,0,0,0,0,0,0,0,0,0,0,0,0,0,0,0,35
1772305916.907660,29994925,58315053,54045611,54780520,57322844,58867793,54750185,55636719,58617363,58760954,57134932,60182417,55778072,57254893,54426999,54521646,53142408,55185913,52344165,52224994,51821581,50599712,49330736,54128711,52011889,51686334,51486362,48233968,52386990,51241201,49957635,5835631,4091032,3791172,3726405,3978576,3944921,3900696,3846328,3970287,4242334,4274961,3814733,3740626,3783276,3905561,4105946,4134685,3677087,3759079,3857182,4066485,4250087,3527840,4045170,4220032,4309492,3894801,4292161,3943945,4264731,4178594,3765196,3856359,4163889,4225167,4172675,3960884,4213380,4327063,3916089,3984692,4171741,4253072,4329062,4508965,4138271,3823262,3808500,4140406,4043689,4100365,4666613,4161251,3937681,3992830,4204998,3909322,3905172,4199857,3989898,3875157,3777753,4249840,3900111,4257120,4121685,4127433,3910412,3831361,3802368,4053774,3999048,4230201,3915819,3951455,4123091,4258776,3888617,4453692,4092788,3928114,0,0,0,0,0,0,0,0,0,0,0,0,0,0,0,0,0,0,0,0,0,0,0,0,0,0,0,0,0,0,0,0,0,0,0,124,0,0,0,0,0,0,0,0,0,0,0,0,0,0,0,0,0,24,0,0,0,0,0,0,0,0,0,0,3,0,0,0,0,0,0,0,0,0,0,0,0,0,0,0,0,0,0,0,0,0,0,0,43,0,0,238,0,0,0,0,0,0,0,0,0,0,0,0,0,0,0,0,0,0,0,35
1772305917.957222,30015012,58370964,54091254,54827385,57379171,58925290,54798572,55684334,58681120,58826838,57190906,60245916,55834334,57310472,54472865,54571746,53196836,55239317,52390899,52277560,51878089,50647075,49373119,54185714,52070122,51740441,51540398,48277882,52440748,51295347,49989107,5835631,4091032,3791172,3726405,3978576,3944921,3900696,3846328,3970287,4242334,4274961,3814733,3740626,3783276,3905561,4105946,4134685,3677087,3759079,3857182,4066485,4250087,3527840,4045170,4220032,4309492,3894801,4292161,3943945,4264731,4178594,3765196,3856359,4163889,4225167,4172675,3960884,4213380,4327063,3916089,3984692,4171741,4253072,4329062,4508965,4138271,3823262,3808500,4140406,4043689,4100365,4666613,4161251,3937681,3992830,4204998,3909322,3905172,4199857,3989898,3875157,3777753,4249840,3900111,4257120,4121685,4127433,3910412,3831361,3802368,4053774,3999048,4230201,3915819,3951455,4123091,4258776,3888617,4453692,4092788,3928114,0,0,0,0,0,0,0,0,0,0,0,0,0,0,0,0,0,0,0,0,0,0,0,0,0,0,0,0,0,0,0,0,0,0,0,124,0,0,0,0,0,0,0,0,0,0,0,0,0,0,0,0,0,24,0,0,0,0,0,0,0,0,0,0,3,0,0,0,0,0,0,0,0,0,0,0,0,0,0,0,0,0,0,0,0,0,0,0,43,0,0,238,0,0,0,0,0,0,0,0,0,0,0,0,0,0,0,0,0,0,0,35
1772305919.006748,30030212,58413650,54125489,54862139,57422450,58969344,54835517,55721267,58730685,58877734,57233695,60295385,55877267,57353453,54507151,54609958,53238042,55279615,52426888,52316796,51922374,50683325,49405034,54228861,52115275,51781228,51580837,48310738,52481666,51336565,50012951,5835631,4091032,3791172,3726405,3978576,3944921,3900696,3846328,3970287,4242334,4274961,3814733,3740626,3783276,3905561,4105946,4134685,3677087,3759079,3857182,4066485,4250087,3527840,4045170,4220032,4309492,3894801,4292161,3943945,4264731,4178594,3765196,3856359,4163889,4225167,4172675,3960884,4213380,4327063,3916089,3984692,4171741,4253072,4329062,4508965,4138271,3823262,3808500,4140406,4043689,4100365,4666613,4161251,3937681,3992830,4204998,3909322,3905172,4199857,3989898,3875157,3777753,4249840,3900111,4257120,4121685,4127433,3910412,3831361,3802368,4053774,3999048,4230201,3915819,3951455,4123091,4258776,3888617,4453692,4092788,3928114,0,0,0,0,0,0,0,0,0,0,0,0,0,0,0,0,0,0,0,0,0,0,0,0,0,0,0,0,0,0,0,0,0,0,0,124,0,0,0,0,0,0,0,0,0,0,0,0,0,0,0,0,0,24,0,0,0,0,0,0,0,0,0,0,3,0,0,0,0,0,0,0,0,0,0,0,0,0,0,0,0,0,0,0,0,0,0,0,43,0,0,238,0,0,0,0,0,0,0,0,0,0,0,0,0,0,0,0,0,0,0,35
1772305920.056430,30030213,58413660,54125489,54862150,57422451,58969345,54835528,55721267,58730685,58877754,57233695,60295386,55877267,57353453,54507151,54609958,53238042,55279615,52426894,52316804,51922374,50683331,49405044,54228861,52115275,51781228,51580846,48310768,52481666,51336565,50012951,5835631,4091032,3791172,3726405,3978576,3944921,3900696,3846328,3970287,4242334,4274961,3814733,3740626,3783276,3905561,4105946,4134685,3677087,3759079,3857182,4066485,4250087,3527840,4045170,4220032,4309492,3894801,4292161,3943945,4264731,4178594,3765196,3856359,4163889,4225167,4172675,3960884,4213380,4327063,3916089,3984692,4171741,4253072,4329062,4508965,4138271,3823262,3808500,4140406,4043689,4100365,4666613,4161251,3937681,3992830,4204998,3909322,3905172,4199857,3989898,3875157,3777753,4249840,3900111,4257120,4121685,4127433,3910412,3831361,3802368,4053774,3999048,4230201,3915819,3951455,4123091,4258776,3888617,4453692,4092788,3928114,0,0,0,0,0,0,0,0,0,0,0,0,0,0,0,0,0,0,0,0,0,0,0,0,0,0,0,0,0,0,0,0,0,0,0,124,0,0,0,0,0,0,0,0,0,0,0,0,0,0,0,0,0,24,0,0,0,0,0,0,0,0,0,0,3,0,0,0,0,0,0,0,0,0,0,0,0,0,0,0,0,0,0,0,0,0,0,0,43,0,0,238,0,0,0,0,0,0,0,0,0,0,0,0,0,0,0,0,0,0,0,35
1772305921.106393,30030213,58413663,54125489,54862152,57422452,58969347,54835529,55721271,58730685,58877820,57233695,60295387,55877279,57353466,54507152,54609958,53238042,55279615,52426896,52316805,51922374,50683334,49405049,54228861,52115275,51781228,51580856,48310833,52481666,51336565,50012951,5835631,4091032,3791172,3726405,3978576,3944921,3900696,3846328,3970287,4242334,4274961,3814733,3740626,3783276,3905561,4105946,4134685,3677087,3759079,3857182,4066485,4250087,3527840,4045170,4220032,4309492,3894801,4292161,3943945,4264731,4178594,3765196,3856359,4163889,4225167,4172675,3960884,4213380,4327063,3916089,3984692,4171741,4253072,4329062,4508965,4138271,3823262,3808500,4140406,4043689,4100365,4666613,4161251,3937681,3992830,4204998,3909322,3905172,4199857,3989898,3875157,3777753,4249840,3900111,4257120,4121685,4127433,3910412,3831361,3802368,4053774,3999048,4230201,3915819,3951455,4123091,4258776,3888617,4453692,4092788,3928114,0,0,0,0,0,0,0,0,0,0,0,0,0,0,0,0,0,0,0,0,0,0,0,0,0,0,0,0,0,0,0,0,0,0,0,124,0,0,0,0,0,0,0,0,0,0,0,0,0,0,0,0,0,24,0,0,0,0,0,0,0,0,0,0,3,0,0,0,0,0,0,0,0,0,0,0,0,0,0,0,0,0,0,0,0,0,0,0,43,0,0,238,0,0,0,0,0,0,0,0,0,0,0,0,0,0,0,0,0,0,0,35
1772305922.156793,30030215,58413665,54125489,54862152,57422452,58969349,54835529,55721274,58730685,58877854,57233695,60295387,55877279,57353466,54507152,54609958,53238042,55279615,52426896,52316805,51922374,50683336,49405049,54228861,52115275,51781228,51580867,48310857,52481666,51336565,50012951,5835631,4091032,3791172,3726405,3978576,3944921,3900696,3846328,3970287,4242334,4274961,3814733,3740626,3783276,3905561,4105946,4134685,3677087,3759079,3857182,4066485,4250087,3527840,4045170,4220032,4309492,3894801,4292161,3943945,4264731,4178594,3765196,3856359,4163889,4225167,4172675,3960884,4213380,4327063,3916089,3984692,4171741,4253072,4329062,4508965,4138271,3823262,3808500,4140406,4043689,4100365,4666613,4161251,3937681,3992830,4204998,3909322,3905172,4199857,3989898,3875157,3777753,4249840,3900111,4257120,4121685,4127433,3910412,3831361,3802368,4053774,3999048,4230201,3915819,3951455,4123091,4258776,3888617,4453692,4092788,3928114,0,0,0,0,0,0,0,0,0,0,0,0,0,0,0,0,0,0,0,0,0,0,0,0,0,0,0,0,0,0,0,0,0,0,0,124,0,0,0,0,0,0,0,0,0,0,0,0,0,0,0,0,0,24,0,0,0,0,0,0,0,0,0,0,3,0,0,0,0,0,0,0,0,0,0,0,0,0,0,0,0,0,0,0,0,0,0,0,43,0,0,238,0,0,0,0,0,0,0,0,0,0,0,0,0,0,0,0,0,0,0,35
1772305923.206578,30030215,58413665,54125489,54862152,57422452,58969352,54835529,55721274,58730685,58877854,57233695,60295388,55877279,57353466,54507153,54609958,53238042,55279615,52426896,52316805,51922374,50683336,49405049,54228861,52115275,51781228,51580881,48310857,52481666,51336565,50012951,5835631,4091032,3791172,3726405,3978576,3944921,3900696,3846328,3970287,4242334,4274961,3814733,3740626,3783276,3905561,4105946,4134685,3677087,3759079,3857182,4066485,4250087,3527840,4045170,4220032,4309492,3894801,4292161,3943945,4264731,4178594,3765196,3856359,4163889,4225167,4172675,3960884,4213380,4327063,3916089,3984692,4171741,4253072,4329062,4508965,4138271,3823262,3808500,4140406,4043689,4100365,4666613,4161251,3937681,3992830,4204998,3909322,3905172,4199857,3989898,3875157,3777753,4249840,3900111,4257120,4121685,4127433,3910412,3831361,3802368,4053774,3999048,4230201,3915819,3951455,4123091,4258776,3888617,4453692,4092788,3928114,0,0,0,0,0,0,0,0,0,0,0,0,0,0,0,0,0,0,0,0,0,0,0,0,0,0,0,0,0,0,0,0,0,0,0,124,0,0,0,0,0,0,0,0,0,0,0,0,0,0,0,0,0,24,0,0,0,0,0,0,0,0,0,0,3,0,0,0,0,0,0,0,0,0,0,0,0,0,0,0,0,0,0,0,0,0,0,0,43,0,0,238,0,0,0,0,0,0,0,0,0,0,0,0,0,0,0,0,0,0,0,35
1772305924.256853,30030216,58413665,54125489,54862152,57422452,58969354,54835529,55721277,58730685,58877857,57233695,60295388,55877279,57353466,54507153,54609958,53238042,55279615,52426896,52316805,51922374,50683337,49405049,54228861,52115275,51781228,51580890,48310860,52481666,51336565,50012951,5835631,4091032,3791172,3726405,3978576,3944921,3900696,3846328,3970287,4242334,4274961,3814733,3740626,3783276,3905561,4105946,4134685,3677087,3759079,3857182,4066485,4250087,3527840,4045170,4220032,4309492,3894801,4292161,3943945,4264731,4178594,3765196,3856359,4163889,4225167,4172675,3960884,4213380,4327063,3916089,3984692,4171741,4253072,4329062,4508965,4138271,3823262,3808500,4140406,4043689,4100365,4666613,4161251,3937681,3992830,4204998,3909322,3905172,4199857,3989898,3875157,3777753,4249840,3900111,4257120,4121685,4127433,3910412,3831361,3802368,4053774,3999048,4230201,3915819,3951455,4123091,4258776,3888617,4453692,4092788,3928114,0,0,0,0,0,0,0,0,0,0,0,0,0,0,0,0,0,0,0,0,0,0,0,0,0,0,0,0,0,0,0,0,0,0,0,124,0,0,0,0,0,0,0,0,0,0,0,0,0,0,0,0,0,24,0,0,0,0,0,0,0,0,0,0,3,0,0,0,0,0,0,0,0,0,0,0,0,0,0,0,0,0,0,0,0,0,0,0,43,0,0,238,0,0,0,0,0,0,0,0,0,0,0,0,0,0,0,0,0,0,0,35
1772305925.306495,30030216,58413665,54125489,54862152,57422452,58969355,54835529,55721280,58730685,58877866,57233695,60295389,55877279,57353466,54507154,54609958,53238042,55279615,52426896,52316805,51922374,50683338,49405049,54228861,52115275,51781228,51580900,48310877,52481666,51336565,50012951,5835631,4091032,3791172,3726405,3978576,3944921,3900696,3846328,3970287,4242334,4274961,3814733,3740626,3783276,3905561,4105946,4134685,3677087,3759079,3857182,4066485,4250087,3527840,4045170,4220032,4309492,3894801,4292161,3943945,4264731,4178594,3765196,3856359,4163889,4225167,4172675,3960884,4213380,4327063,3916089,3984692,4171741,4253072,4329062,4508965,4138271,3823262,3808500,4140406,4043689,4100365,4666613,4161251,3937681,3992830,4204998,3909322,3905172,4199857,3989898,3875157,3777753,4249840,3900111,4257120,4121685,4127433,3910412,3831361,3802368,4053774,3999048,4230201,3915819,3951455,4123091,4258776,3888617,4453692,4092788,3928114,0,0,0,0,0,0,0,0,0,0,0,0,0,0,0,0,0,0,0,0,0,0,0,0,0,0,0,0,0,0,0,0,0,0,0,124,0,0,0,0,0,0,0,0,0,0,0,0,0,0,0,0,0,24,0,0,0,0,0,0,0,0,0,0,3,0,0,0,0,0,0,0,0,0,0,0,0,0,0,0,0,0,0,0,0,0,0,0,43,0,0,238,0,0,0,0,0,0,0,0,0,0,0,0,0,0,0,0,0,0,0,35
1772305926.355974,30030217,58413665,54125489,54862152,57422452,58969358,54835529,55721280,58730685,58877874,57233695,60295389,55877279,57353466,54507154,54609958,53238042,55279615,52426896,52316805,51922374,50683338,49405049,54228861,52115275,51781228,51580909,48310886,52481666,51336565,50012951,5835631,4091032,3791172,3726405,3978576,3944921,3900696,3846328,3970287,4242334,4274961,3814733,3740626,3783276,3905561,4105946,4134685,3677087,3759079,3857182,4066485,4250087,3527840,4045170,4220032,4309492,3894801,4292161,3943945,4264731,4178594,3765196,3856359,4163889,4225167,4172675,3960884,4213380,4327063,3916089,3984692,4171741,4253072,4329062,4508965,4138271,3823262,3808500,4140406,4043689,4100365,4666613,4161251,3937681,3992830,4204998,3909322,3905172,4199857,3989898,3875157,3777753,4249840,3900111,4257120,4121685,4127433,3910412,3831361,3802368,4053774,3999048,4230201,3915819,3951455,4123091,4258776,3888617,4453692,4092788,3928114,0,0,0,0,0,0,0,0,0,0,0,0,0,0,0,0,0,0,0,0,0,0,0,0,0,0,0,0,0,0,0,0,0,0,0,124,0,0,0,0,0,0,0,0,0,0,0,0,0,0,0,0,0,24,0,0,0,0,0,0,0,0,0,0,3,0,0,0,0,0,0,0,0,0,0,0,0,0,0,0,0,0,0,0,0,0,0,0,43,0,0,238,0,0,0,0,0,0,0,0,0,0,0,0,0,0,0,0,0,0,0,35
1772305927.405174,30030217,58413665,54125489,54862152,57422452,58969361,54835529,55721283,58730685,58877876,57233695,60295390,55877279,57353466,54507155,54609958,53238042,55279615,52426896,52316805,51922374,50683340,49405049,54228861,52115275,51781228,51580918,48310888,52481666,51336565,50012951,5835631,4091032,3791172,3726405,3978576,3944921,3900696,3846328,3970287,4242334,4274961,3814733,3740626,3783276,3905561,4105946,4134685,3677087,3759079,3857182,4066485,4250087,3527840,4045170,4220032,4309492,3894801,4292161,3943945,4264731,4178594,3765196,3856359,4163889,4225167,4172675,3960884,4213380,4327063,3916089,3984692,4171741,4253072,4329062,4508965,4138271,3823262,3808500,4140406,4043689,4100365,4666613,4161251,3937681,3992830,4204998,3909322,3905172,4199857,3989898,3875157,3777753,4249840,3900111,4257120,4121685,4127433,3910412,3831361,3802368,4053774,3999048,4230201,3915819,3951455,4123091,4258776,3888617,4453692,4092788,3928114,0,0,0,0,0,0,0,0,0,0,0,0,0,0,0,0,0,0,0,0,0,0,0,0,0,0,0,0,0,0,0,0,0,0,0,124,0,0,0,0,0,0,0,0,0,0,0,0,0,0,0,0,0,24,0,0,0,0,0,0,0,0,0,0,3,0,0,0,0,0,0,0,0,0,0,0,0,0,0,0,0,0,0,0,0,0,0,0,43,0,0,238,0,0,0,0,0,0,0,0,0,0,0,0,0,0,0,0,0,0,0,35
1772305928.454744,30030218,58413665,54125489,54862152,57422452,58969363,54835529,55721287,58730685,58877876,57233695,60295390,55877279,57353466,54507155,54609958,53238042,55279615,52426896,52316805,51922374,50683341,49405049,54228861,52115275,51781228,51580929,48310888,52481666,51336565,50012951,5835631,4091032,3791172,3726405,3978576,3944921,3900696,3846328,3970287,4242334,4274961,3814733,3740626,3783276,3905561,4105946,4134685,3677087,3759079,3857182,4066485,4250087,3527840,4045170,4220032,4309492,3894801,4292161,3943945,4264731,4178594,3765196,3856359,4163889,4225167,4172675,3960884,4213380,4327063,3916089,3984692,4171741,4253072,4329062,4508965,4138271,3823262,3808500,4140406,4043689,4100365,4666613,4161251,3937681,3992830,4204998,3909322,3905172,4199857,3989898,3875157,3777753,4249840,3900111,4257120,4121685,4127433,3910412,3831361,3802368,4053774,3999048,4230201,3915819,3951455,4123091,4258776,3888617,4453692,4092788,3928114,0,0,0,0,0,0,0,0,0,0,0,0,0,0,0,0,0,0,0,0,0,0,0,0,0,0,0,0,0,0,0,0,0,0,0,124,0,0,0,0,0,0,0,0,0,0,0,0,0,0,0,0,0,24,0,0,0,0,0,0,0,0,0,0,3,0,0,0,0,0,0,0,0,0,0,0,0,0,0,0,0,0,0,0,0,0,0,0,43,0,0,238,0,0,0,0,0,0,0,0,0,0,0,0,0,0,0,0,0,0,0,35
1772305929.503873,30030218,58413665,54125489,54862152,57422452,58969364,54835529,55721287,58730685,58877876,57233695,60295391,55877279,57353466,54507156,54609958,53238042,55279615,52426896,52316805,51922374,50683341,49405049,54228861,52115275,51781228,51580938,48310888,52481666,51336565,50012951,5835631,4091032,3791172,3726405,3978576,3944921,3900696,3846328,3970287,4242334,4274961,3814733,3740626,3783276,3905561,4105946,4134685,3677087,3759079,3857182,4066485,4250087,3527840,4045170,4220032,4309492,3894801,4292161,3943945,4264731,4178594,3765196,3856359,4163889,4225167,4172675,3960884,4213380,4327063,3916089,3984692,4171741,4253072,4329062,4508965,4138271,3823262,3808500,4140406,4043689,4100365,4666613,4161251,3937681,3992830,4204998,3909322,3905172,4199857,3989898,3875157,3777753,4249840,3900111,4257120,4121685,4127433,3910412,3831361,3802368,4053774,3999048,4230201,3915819,3951455,4123091,4258776,3888617,4453692,4092788,3928114,0,0,0,0,0,0,0,0,0,0,0,0,0,0,0,0,0,0,0,0,0,0,0,0,0,0,0,0,0,0,0,0,0,0,0,124,0,0,0,0,0,0,0,0,0,0,0,0,0,0,0,0,0,24,0,0,0,0,0,0,0,0,0,0,3,0,0,0,0,0,0,0,0,0,0,0,0,0,0,0,0,0,0,0,0,0,0,0,43,0,0,238,0,0,0,0,0,0,0,0,0,0,0,0,0,0,0,0,0,0,0,35
1772305930.553203,30030219,58413665,54125489,54862152,57422452,58969365,54835529,55721290,58730685,58877877,57233695,60295391,55877279,57353466,54507156,54609958,53238042,55279615,52426896,52316805,51922374,50683342,49405049,54228861,52115275,51781228,51580948,48310890,52481666,51336565,50012951,5835631,4091032,3791172,3726405,3978576,3944921,3900696,3846328,3970287,4242334,4274961,3814733,3740626,3783276,3905561,4105946,4134685,3677087,3759079,3857182,4066485,4250087,3527840,4045170,4220032,4309492,3894801,4292161,3943945,4264731,4178594,3765196,3856359,4163889,4225167,4172675,3960884,4213380,4327063,3916089,3984692,4171741,4253072,4329062,4508965,4138271,3823262,3808500,4140406,4043689,4100365,4666613,4161251,3937681,3992830,4204998,3909322,3905172,4199857,3989898,3875157,3777753,4249840,3900111,4257120,4121685,4127433,3910412,3831361,3802368,4053774,3999048,4230201,3915819,3951455,4123091,4258776,3888617,4453692,4092788,3928114,0,0,0,0,0,0,0,0,0,0,0,0,0,0,0,0,0,0,0,0,0,0,0,0,0,0,0,0,0,0,0,0,0,0,0,124,0,0,0,0,0,0,0,0,0,0,0,0,0,0,0,0,0,24,0,0,0,0,0,0,0,0,0,0,3,0,0,0,0,0,0,0,0,0,0,0,0,0,0,0,0,0,0,0,0,0,0,0,43,0,0,238,0,0,0,0,0,0,0,0,0,0,0,0,0,0,0,0,0,0,0,35
1772305931.602565,30030219,58413665,54125489,54862152,57422452,58969369,54835529,55721292,58730696,58877878,57233695,60295392,55877279,57353466,54507157,54609958,53238042,55279615,52426896,52316805,51922412,50683343,49405049,54228861,52115275,51781228,51580959,48310891,52481666,51336577,50012951,5835631,4091032,3791172,3726405,3978576,3944921,3900696,3846328,3970287,4242334,4274961,3814733,3740626,3783276,3905561,4105946,4134685,3677087,3759079,3857182,4066485,4250087,3527840,4045170,4220032,4309492,3894801,4292161,3943945,4264731,4178594,3765196,3856359,4163889,4225167,4172675,3960884,4213380,4327063,3916089,3984692,4171741,4253072,4329062,4508965,4138271,3823262,3808500,4140406,4043689,4100365,4666613,4161251,3937681,3992830,4204998,3909322,3905172,4199857,3989898,3875157,3777753,4249840,3900111,4257120,4121685,4127433,3910412,3831361,3802368,4053774,3999048,4230201,3915819,3951455,4123091,4258776,3888617,4453692,4092788,3928114,0,0,0,0,0,0,0,0,0,0,0,0,0,0,0,0,0,0,0,0,0,0,0,0,0,0,0,0,0,0,0,0,0,0,0,124,0,0,0,0,0,0,0,0,0,0,0,0,0,0,0,0,0,24,0,0,0,0,0,0,0,0,0,0,3,0,0,0,0,0,0,0,0,0,0,0,0,0,0,0,0,0,0,0,0,0,0,0,43,0,0,238,0,0,0,0,0,0,0,0,0,0,0,0,0,0,0,0,0,0,0,35
1772305932.651999,30030233,58413665,54125489,54862152,57422452,58969371,54835529,55721294,58730703,58877879,57233695,60295392,55877279,57353466,54507158,54609958,53238042,55279627,52426896,52316805,51922412,50683344,49405049,54228861,52115275,51781228,51580969,48310891,52481666,51336582,50012951,5835631,4091032,3791172,3726405,3978576,3944921,3900696,3846328,3970287,4242334,4274961,3814733,3740626,3783276,3905561,4105946,4134685,3677087,3759079,3857182,4066485,4250087,3527840,4045170,4220032,4309492,3894801,4292161,3943945,4264731,4178594,3765196,3856359,4163889,4225167,4172675,3960884,4213380,4327063,3916089,3984692,4171741,4253072,4329062,4508965,4138271,3823262,3808500,4140406,4043689,4100365,4666613,4161251,3937681,3992830,4204998,3909322,3905172,4199857,3989898,3875157,3777753,4249840,3900111,4257120,4121685,4127433,3910412,3831361,3802368,4053774,3999048,4230201,3915819,3951455,4123091,4258776,3888617,4453692,4092788,3928114,0,0,0,0,0,0,0,0,0,0,0,0,0,0,0,0,0,0,0,0,0,0,0,0,0,0,0,0,0,0,0,0,0,0,0,124,0,0,0,0,0,0,0,0,0,0,0,0,0,0,0,0,0,24,0,0,0,0,0,0,0,0,0,0,3,0,0,0,0,0,0,0,0,0,0,0,0,0,0,0,0,0,0,0,0,0,0,0,43,0,0,238,0,0,0,0,0,0,0,0,0,0,0,0,0,0,0,0,0,0,0,35
1772305933.701473,30030239,58413665,54125489,54862152,57422452,58969373,54835529,55721294,58730703,58877879,57233696,60295393,55877279,57353466,54507158,54609958,53238042,55279632,52426896,52316805,51922412,50683344,49405049,54228861,52115275,51781228,51580980,48310891,52481666,51336582,50012951,5835631,4091032,3791172,3726405,3978576,3944921,3900696,3846328,3970287,4242334,4274961,3814733,3740626,3783276,3905561,4105946,4134685,3677087,3759079,3857182,4066485,4250087,3527840,4045170,4220032,4309492,3894801,4292161,3943945,4264731,4178594,3765196,3856359,4163889,4225167,4172675,3960884,4213380,4327063,3916089,3984692,4171741,4253072,4329062,4508965,4138271,3823262,3808500,4140406,4043689,4100365,4666613,4161251,3937681,3992830,4204998,3909322,3905172,4199857,3989898,3875157,3777753,4249840,3900111,4257120,4121685,4127433,3910412,3831361,3802368,4053774,3999048,4230201,3915819,3951455,4123091,4258776,3888617,4453692,4092788,3928114,0,0,0,0,0,0,0,0,0,0,0,0,0,0,0,0,0,0,0,0,0,0,0,0,0,0,0,0,0,0,0,0,0,0,0,124,0,0,0,0,0,0,0,0,0,0,0,0,0,0,0,0,0,24,0,0,0,0,0,0,0,0,0,0,3,0,0,0,0,0,0,0,0,0,0,0,0,0,0,0,0,0,0,0,0,0,0,0,43,0,0,238,0,0,0,0,0,0,0,0,0,0,0,0,0,0,0,0,0,0,0,35
1772305934.750869,30030240,58413665,54125489,54862152,57422452,58969375,54835529,55721296,58730703,58877879,57233696,60295394,55877279,57353466,54507159,54609958,53238042,55279632,52426896,52316805,51922412,50683345,49405049,54228861,52115275,51781228,51580987,48310891,52481666,51336583,50012951,5835631,4091032,3791172,3726405,3978576,3944921,3900696,3846328,3970287,4242334,4274961,3814733,3740626,3783276,3905561,4105946,4134685,3677087,3759079,3857182,4066485,4250087,3527840,4045170,4220032,4309492,3894801,4292161,3943945,4264731,4178594,3765196,3856359,4163889,4225167,4172675,3960884,4213380,4327063,3916089,3984692,4171741,4253072,4329062,4508965,4138271,3823262,3808500,4140406,4043689,4100365,4666613,4161251,3937681,3992830,4204998,3909322,3905172,4199857,3989898,3875157,3777753,4249840,3900111,4257120,4121685,4127433,3910412,3831361,3802368,4053774,3999048,4230201,3915819,3951455,4123091,4258776,3888617,4453692,4092788,3928114,0,0,0,0,0,0,0,0,0,0,0,0,0,0,0,0,0,0,0,0,0,0,0,0,0,0,0,0,0,0,0,0,0,0,0,124,0,0,0,0,0,0,0,0,0,0,0,0,0,0,0,0,0,24,0,0,0,0,0,0,0,0,0,0,3,0,0,0,0,0,0,0,0,0,0,0,0,0,0,0,0,0,0,0,0,0,0,0,43,0,0,238,0,0,0,0,0,0,0,0,0,0,0,0,0,0,0,0,0,0,0,35
1772305935.800277,30030240,58413665,54125489,54862152,57422452,58969377,54835529,55721299,58730703,58877882,57233696,60295394,55877279,57353466,54507159,54609958,53238042,55279632,52426896,52316805,51922412,50683346,49405049,54228861,52115275,51781228,51580997,48310894,52481667,51336583,50012951,5835631,4091032,3791172,3726405,3978576,3944921,3900696,3846328,3970287,4242334,4274961,3814733,3740626,3783276,3905561,4105946,4134685,3677087,3759079,3857182,4066485,4250087,3527840,4045170,4220032,4309492,3894801,4292161,3943945,4264731,4178594,3765196,3856359,4163889,4225167,4172675,3960884,4213380,4327063,3916089,3984692,4171741,4253072,4329062,4508965,4138271,3823262,3808500,4140406,4043689,4100365,4666613,4161251,3937681,3992830,4204998,3909322,3905172,4199857,3989898,3875157,3777753,4249840,3900111,4257120,4121685,4127433,3910412,3831361,3802368,4053774,3999048,4230201,3915819,3951455,4123091,4258776,3888617,4453692,4092788,3928114,0,0,0,0,0,0,0,0,0,0,0,0,0,0,0,0,0,0,0,0,0,0,0,0,0,0,0,0,0,0,0,0,0,0,0,124,0,0,0,0,0,0,0,0,0,0,0,0,0,0,0,0,0,24,0,0,0,0,0,0,0,0,0,0,3,0,0,0,0,0,0,0,0,0,0,0,0,0,0,0,0,0,0,0,0,0,0,0,43,0,0,238,0,0,0,0,0,0,0,0,0,0,0,0,0,0,0,0,0,0,0,35
